"../../../Engine/Plugins/Animation/ACLPlugin/Content/ACLAnimCurveCompressionSettings.uasset" 0
"../../../Engine/Plugins/Animation/ACLPlugin/Content/ACLAnimCurveCompressionSettings.uexp" 1
"../../../Engine/Plugins/Animation/ACLPlugin/Content/ACLAnimBoneCompressionSettings.uasset" 2
"../../../Engine/Plugins/Animation/ACLPlugin/Content/ACLAnimBoneCompressionSettings.uexp" 3
"../../../Engine/Plugins/2D/Paper2D/Content/PlaceholderTextures/DummySpriteTexture.ubulk" 4
"../../../Engine/Plugins/2D/Paper2D/Content/PlaceholderTextures/DummySpriteTexture.uasset" 5
"../../../Engine/Plugins/2D/Paper2D/Content/PlaceholderTextures/DummySpriteTexture.uexp" 6
"../../../Engine/Plugins/2D/Paper2D/Content/DummySprite.uasset" 7
"../../../Engine/Plugins/2D/Paper2D/Content/DummySprite.uexp" 8
"../../../Engine/Plugins/2D/Paper2D/Content/DefaultPaperTerrainMaterial.uasset" 9
"../../../Engine/Plugins/2D/Paper2D/Content/DefaultPaperTerrainMaterial.uexp" 10
"../../../Engine/Content/Animation/DefaultVariableFrameStrippingSettings.uasset" 11
"../../../Engine/Content/Animation/DefaultVariableFrameStrippingSettings.uexp" 12
"../../../Engine/Content/Animation/DefaultRecorderBoneCompression.uasset" 13
"../../../Engine/Content/Animation/DefaultRecorderBoneCompression.uexp" 14
"../../../Engine/Content/EngineSounds/Master.uasset" 15
"../../../Engine/Content/EngineSounds/Master.uexp" 16
"../../../Engine/Plugins/Interchange/Runtime/Content/Pipelines/DefaultTexturePipeline.uasset" 17
"../../../Engine/Plugins/Interchange/Runtime/Content/Pipelines/DefaultTexturePipeline.uexp" 18
"../../../Engine/Plugins/Interchange/Runtime/Content/Pipelines/DefaultSceneLevelPipeline.uasset" 19
"../../../Engine/Plugins/Interchange/Runtime/Content/Pipelines/DefaultSceneLevelPipeline.uexp" 20
"../../../Engine/Plugins/Interchange/Runtime/Content/Pipelines/DefaultSceneAssetsPipeline.uasset" 21
"../../../Engine/Plugins/Interchange/Runtime/Content/Pipelines/DefaultSceneAssetsPipeline.uexp" 22
"../../../Engine/Plugins/Interchange/Runtime/Content/Pipelines/DefaultMaterialXPipeline.uasset" 23
"../../../Engine/Plugins/Interchange/Runtime/Content/Pipelines/DefaultMaterialXPipeline.uexp" 24
"../../../Engine/Plugins/Interchange/Runtime/Content/Pipelines/DefaultMaterialPipeline.uasset" 25
"../../../Engine/Plugins/Interchange/Runtime/Content/Pipelines/DefaultMaterialPipeline.uexp" 26
"../../../Engine/Plugins/Interchange/Runtime/Content/Pipelines/DefaultGLTFSceneAssetsPipeline.uasset" 27
"../../../Engine/Plugins/Interchange/Runtime/Content/Pipelines/DefaultGLTFSceneAssetsPipeline.uexp" 28
"../../../Engine/Plugins/Interchange/Runtime/Content/Pipelines/DefaultGLTFPipeline.uasset" 29
"../../../Engine/Plugins/Interchange/Runtime/Content/Pipelines/DefaultGLTFPipeline.uexp" 30
"../../../Engine/Plugins/Interchange/Runtime/Content/Pipelines/DefaultGLTFAssetsPipeline.uasset" 31
"../../../Engine/Plugins/Interchange/Runtime/Content/Pipelines/DefaultGLTFAssetsPipeline.uexp" 32
"../../../Engine/Plugins/Interchange/Runtime/Content/Pipelines/DefaultAssetsPipeline.uasset" 33
"../../../Engine/Plugins/Interchange/Runtime/Content/Pipelines/DefaultAssetsPipeline.uexp" 34
"../../../Engine/Content/EngineMaterials/DefaultPhysicalMaterial.uasset" 35
"../../../Engine/Content/EngineMaterials/DefaultPhysicalMaterial.uexp" 36
"../../../Engine/Content/EngineMaterials/DefaultDestructiblePhysicalMaterial.uasset" 37
"../../../Engine/Content/EngineMaterials/DefaultDestructiblePhysicalMaterial.uexp" 38
"../../../Engine/Content/EngineFonts/Faces/DroidSansFallback.uexp" 39
"../../../Engine/Content/EngineFonts/Faces/DroidSansFallback.uasset" 40
"../../../Engine/Content/EngineFonts/Faces/DroidSansFallback.ufont" 41
"../../../Engine/Content/EngineFonts/Faces/RobotoRegular.uexp" 42
"../../../Engine/Content/EngineFonts/Faces/RobotoRegular.uasset" 43
"../../../Engine/Content/EngineFonts/Faces/RobotoRegular.ufont" 44
"../../../Engine/Content/EngineFonts/Faces/RobotoLight.uexp" 45
"../../../Engine/Content/EngineFonts/Faces/RobotoLight.uasset" 46
"../../../Engine/Content/EngineFonts/Faces/RobotoLight.ufont" 47
"../../../Engine/Content/EngineFonts/Faces/RobotoItalic.uexp" 48
"../../../Engine/Content/EngineFonts/Faces/RobotoItalic.uasset" 49
"../../../Engine/Content/EngineFonts/Faces/RobotoItalic.ufont" 50
"../../../Engine/Content/EngineFonts/Faces/RobotoBoldItalic.uexp" 51
"../../../Engine/Content/EngineFonts/Faces/RobotoBoldItalic.uasset" 52
"../../../Engine/Content/EngineFonts/Faces/RobotoBoldItalic.ufont" 53
"../../../Engine/Content/EngineFonts/Faces/RobotoBold.uexp" 54
"../../../Engine/Content/EngineFonts/Faces/RobotoBold.uasset" 55
"../../../Engine/Content/EngineFonts/Faces/RobotoBold.ufont" 56
"../../../Engine/Content/EngineFonts/Roboto.uasset" 57
"../../../Engine/Content/EngineFonts/Roboto.uexp" 58
"../../../Engine/Content/EngineFonts/Faces/DroidSansMono.uexp" 59
"../../../Engine/Content/EngineFonts/Faces/DroidSansMono.uasset" 60
"../../../Engine/Content/EngineFonts/Faces/DroidSansMono.ufont" 61
"../../../Engine/Content/EngineFonts/DroidSansMono.uasset" 62
"../../../Engine/Content/EngineFonts/DroidSansMono.uexp" 63
"../../../Engine/Content/MobileResources/HUD/VirtualJoystick_Thumb.uasset" 64
"../../../Engine/Content/MobileResources/HUD/VirtualJoystick_Thumb.uexp" 65
"../../../Engine/Content/MobileResources/HUD/VirtualJoystick_Background.uasset" 66
"../../../Engine/Content/MobileResources/HUD/VirtualJoystick_Background.uexp" 67
"../../../Engine/Content/MobileResources/HUD/DefaultVirtualJoysticks.uasset" 68
"../../../Engine/Content/MobileResources/HUD/DefaultVirtualJoysticks.uexp" 69
"../../../Engine/Content/EngineResources/GradientTexture0.uasset" 70
"../../../Engine/Content/EngineResources/GradientTexture0.uexp" 71
"../../../Engine/Content/EngineResources/Black.uasset" 72
"../../../Engine/Content/EngineResources/Black.uexp" 73
"../../../Engine/Content/EditorResources/S_Actor.ubulk" 74
"../../../Engine/Content/EditorResources/S_Actor.uasset" 75
"../../../Engine/Content/EditorResources/S_Actor.uexp" 76
"../../../Engine/Plugins/NNE/NNEDenoiser/Content/NNEDTOM_Output_Default.uasset" 77
"../../../Engine/Plugins/NNE/NNEDenoiser/Content/NNEDTOM_Output_Default.uexp" 78
"../../../Engine/Plugins/NNE/NNEDenoiser/Content/NNEDTOM_Output_Alpha.uasset" 79
"../../../Engine/Plugins/NNE/NNEDenoiser/Content/NNEDTOM_Output_Alpha.uexp" 80
"../../../Engine/Plugins/NNE/NNEDenoiser/Content/NNEDTIM_ColorAlbedoNormal_Default.uasset" 81
"../../../Engine/Plugins/NNE/NNEDenoiser/Content/NNEDTIM_ColorAlbedoNormal_Default.uexp" 82
"../../../Engine/Plugins/NNE/NNEDenoiser/Content/NNEDTIM_ColorAlbedoNormal_Alpha.uasset" 83
"../../../Engine/Plugins/NNE/NNEDenoiser/Content/NNEDTIM_ColorAlbedoNormal_Alpha.uexp" 84
"../../../Engine/Plugins/NNE/NNEDenoiser/Content/NNEDOM_Output_Default.uasset" 85
"../../../Engine/Plugins/NNE/NNEDenoiser/Content/NNEDOM_Output_Default.uexp" 86
"../../../Engine/Plugins/NNE/NNEDenoiser/Content/NNEDOM_Output_Alpha.uasset" 87
"../../../Engine/Plugins/NNE/NNEDenoiser/Content/NNEDOM_Output_Alpha.uexp" 88
"../../../Engine/Plugins/NNE/NNEDenoiser/Content/NNEDIM_HighQuality_Default.uasset" 89
"../../../Engine/Plugins/NNE/NNEDenoiser/Content/NNEDIM_HighQuality_Default.uexp" 90
"../../../Engine/Plugins/NNE/NNEDenoiser/Content/NNEDIM_HighQuality_Alpha.uasset" 91
"../../../Engine/Plugins/NNE/NNEDenoiser/Content/NNEDIM_HighQuality_Alpha.uexp" 92
"../../../Engine/Plugins/NNE/NNEDenoiser/Content/NNEDIM_ColorAlbedoNormal_Default.uasset" 93
"../../../Engine/Plugins/NNE/NNEDenoiser/Content/NNEDIM_ColorAlbedoNormal_Default.uexp" 94
"../../../Engine/Plugins/NNE/NNEDenoiser/Content/NNEDIM_ColorAlbedoNormal_Alpha.uasset" 95
"../../../Engine/Plugins/NNE/NNEDenoiser/Content/NNEDIM_ColorAlbedoNormal_Alpha.uexp" 96
"../../../Engine/Content/Functions/Engine_MaterialFunctions02/WorldPositionOffset/CameraOffset.uasset" 97
"../../../Engine/Content/Functions/Engine_MaterialFunctions02/WorldPositionOffset/CameraOffset.uexp" 98
"../../../Engine/Plugins/Animation/ControlRig/Content/M_Manip.uasset" 99
"../../../Engine/Plugins/Animation/ControlRig/Content/M_Manip.uexp" 100
"../../../Engine/Content/EditorResources/S_TriggerSphere.uasset" 101
"../../../Engine/Content/EditorResources/S_TriggerSphere.uexp" 102
"../../../Engine/Content/EditorResources/S_TriggerCapsule.uasset" 103
"../../../Engine/Content/EditorResources/S_TriggerCapsule.uexp" 104
"../../../Engine/Content/EditorResources/S_TriggerBox.uasset" 105
"../../../Engine/Content/EditorResources/S_TriggerBox.uexp" 106
"../../../Engine/Content/EditorResources/S_Trigger.ubulk" 107
"../../../Engine/Content/EditorResources/S_Trigger.uasset" 108
"../../../Engine/Content/EditorResources/S_Trigger.uexp" 109
"../../../Engine/Content/EditorResources/S_Terrain.ubulk" 110
"../../../Engine/Content/EditorResources/S_Terrain.uasset" 111
"../../../Engine/Content/EditorResources/S_Terrain.uexp" 112
"../../../Engine/Content/EditorResources/S_Solver.ubulk" 113
"../../../Engine/Content/EditorResources/S_Solver.uasset" 114
"../../../Engine/Content/EditorResources/S_Solver.uexp" 115
"../../../Engine/Content/EditorResources/S_BoxReflectionCapture.uasset" 116
"../../../Engine/Content/EditorResources/S_BoxReflectionCapture.uexp" 117
"../../../Engine/Content/EditorResources/BSPVertex.uasset" 118
"../../../Engine/Content/EditorResources/BSPVertex.uexp" 119
"../../../Engine/Content/EditorMaterials/PreviewShadowIndicator.ubulk" 120
"../../../Engine/Content/EditorMaterials/PreviewShadowIndicator.uasset" 121
"../../../Engine/Content/EditorMaterials/PreviewShadowIndicator.uexp" 122
"../../../Engine/Content/EditorMaterials/PreviewShadowIndicatorMaterial.uasset" 123
"../../../Engine/Content/EditorMaterials/PreviewShadowIndicatorMaterial.uexp" 124
"../../../Engine/Content/EditorMaterials/PhAT_UnselectedMaterial.uasset" 125
"../../../Engine/Content/EditorMaterials/PhAT_UnselectedMaterial.uexp" 126
"../../../Engine/Content/EditorMaterials/PhAT_NoCollisionMaterial.uasset" 127
"../../../Engine/Content/EditorMaterials/PhAT_NoCollisionMaterial.uexp" 128
"../../../Engine/Content/EditorLandscapeResources/WhiteSquareTexture.uasset" 129
"../../../Engine/Content/EditorLandscapeResources/WhiteSquareTexture.uexp" 130
"../../../Engine/Content/EditorLandscapeResources/LayerVisMaterial.uasset" 131
"../../../Engine/Content/EditorLandscapeResources/LayerVisMaterial.uexp" 132
"../../../Engine/Content/Functions/Engine_MaterialFunctions02/WorldPositionOffset/LocalPosition.uasset" 133
"../../../Engine/Content/Functions/Engine_MaterialFunctions02/WorldPositionOffset/LocalPosition.uexp" 134
"../../../Engine/Content/Functions/Engine_MaterialFunctions02/Utility/BreakOutFloat2Components.uasset" 135
"../../../Engine/Content/Functions/Engine_MaterialFunctions02/Utility/BreakOutFloat2Components.uexp" 136
"../../../Engine/Content/Functions/Engine_MaterialFunctions01/Texturing/ScaleUVsByCenter.uasset" 137
"../../../Engine/Content/Functions/Engine_MaterialFunctions01/Texturing/ScaleUVsByCenter.uexp" 138
"../../../Engine/Content/EngineMaterials/DefaultDiffuse.ubulk" 139
"../../../Engine/Content/EngineMaterials/DefaultDiffuse.uasset" 140
"../../../Engine/Content/EngineMaterials/DefaultDiffuse.uexp" 141
"../../../Engine/Content/Functions/Engine_MaterialFunctions01/Texturing/TextureCropping.uasset" 142
"../../../Engine/Content/Functions/Engine_MaterialFunctions01/Texturing/TextureCropping.uexp" 143
"../../../Engine/Content/Functions/Engine_MaterialFunctions02/ExampleContent/DebugNumberStrip.uasset" 144
"../../../Engine/Content/Functions/Engine_MaterialFunctions02/ExampleContent/DebugNumberStrip.uexp" 145
"../../../Engine/Content/Functions/Engine_MaterialFunctions01/Debug/DebugIntValues.uasset" 146
"../../../Engine/Content/Functions/Engine_MaterialFunctions01/Debug/DebugIntValues.uexp" 147
"../../../Engine/Content/EditorLandscapeResources/LandscapeLayerUsageMaterial.uasset" 148
"../../../Engine/Content/EditorLandscapeResources/LandscapeLayerUsageMaterial.uexp" 149
"../../../Engine/Content/EditorLandscapeResources/DefaultAlphaTexture.uasset" 150
"../../../Engine/Content/EditorLandscapeResources/DefaultAlphaTexture.uexp" 151
"../../../Engine/Content/EditorLandscapeResources/LandscapeDirtyMaterial.uasset" 152
"../../../Engine/Content/EditorLandscapeResources/LandscapeDirtyMaterial.uexp" 153
"../../../Engine/Content/Functions/Engine_MaterialFunctions02/Utility/VectorLength.uasset" 154
"../../../Engine/Content/Functions/Engine_MaterialFunctions02/Utility/VectorLength.uexp" 155
"../../../Engine/Content/Functions/Engine_MaterialFunctions02/Utility/BreakOutFloat3Components.uasset" 156
"../../../Engine/Content/Functions/Engine_MaterialFunctions02/Utility/BreakOutFloat3Components.uexp" 157
"../../../Engine/Content/Functions/Engine_MaterialFunctions02/WorldPositionOffset/ObjectScale.uasset" 158
"../../../Engine/Content/Functions/Engine_MaterialFunctions02/WorldPositionOffset/ObjectScale.uexp" 159
"../../../Engine/Content/Functions/Engine_MaterialFunctions02/SafeNormalize.uasset" 160
"../../../Engine/Content/Functions/Engine_MaterialFunctions02/SafeNormalize.uexp" 161
"../../../Engine/Plugins/Editor/SpeedTreeImporter/Content/SpeedTree9/UnpackInteger3.uasset" 162
"../../../Engine/Plugins/Editor/SpeedTreeImporter/Content/SpeedTree9/UnpackInteger3.uexp" 163
"../../../Engine/Plugins/Editor/SpeedTreeImporter/Content/SpeedTree9/UnpackDirection.uasset" 164
"../../../Engine/Plugins/Editor/SpeedTreeImporter/Content/SpeedTree9/UnpackDirection.uexp" 165
"../../../Engine/Plugins/Editor/SpeedTreeImporter/Content/SpeedTree9/game_wind_noise.ubulk" 166
"../../../Engine/Plugins/Editor/SpeedTreeImporter/Content/SpeedTree9/game_wind_noise.uasset" 167
"../../../Engine/Plugins/Editor/SpeedTreeImporter/Content/SpeedTree9/game_wind_noise.uexp" 168
"../../../Engine/Plugins/Editor/SpeedTreeImporter/Content/SpeedTree9/SpeedTreeWindMotion.uasset" 169
"../../../Engine/Plugins/Editor/SpeedTreeImporter/Content/SpeedTree9/SpeedTreeWindMotion.uexp" 170
"../../../Engine/Plugins/Editor/SpeedTreeImporter/Content/SpeedTree9/SpeedTreeBranchMotion.uasset" 171
"../../../Engine/Plugins/Editor/SpeedTreeImporter/Content/SpeedTree9/SpeedTreeBranchMotion.uexp" 172
"../../../Engine/Content/Functions/Engine_MaterialFunctions02/ObjectLocalBounds.uasset" 173
"../../../Engine/Content/Functions/Engine_MaterialFunctions02/ObjectLocalBounds.uexp" 174
"../../../Engine/Content/Functions/Engine_MaterialFunctions02/UVs/BoundingBoxBased_0-1_UVW.uasset" 175
"../../../Engine/Content/Functions/Engine_MaterialFunctions02/UVs/BoundingBoxBased_0-1_UVW.uexp" 176
"../../../Engine/Plugins/Editor/SpeedTreeImporter/Content/SpeedTree9/SpeedTreeWind.uasset" 177
"../../../Engine/Plugins/Editor/SpeedTreeImporter/Content/SpeedTree9/SpeedTreeWind.uexp" 178
"../../../Engine/Plugins/Editor/SpeedTreeImporter/Content/SpeedTree9/SpeedTreeCameraFacing.uasset" 179
"../../../Engine/Plugins/Editor/SpeedTreeImporter/Content/SpeedTree9/SpeedTreeCameraFacing.uexp" 180
"../../../Engine/Plugins/Editor/SpeedTreeImporter/Content/SpeedTree9/EmptyNormal.uasset" 181
"../../../Engine/Plugins/Editor/SpeedTreeImporter/Content/SpeedTree9/EmptyNormal.uexp" 182
"../../../Engine/Plugins/Editor/SpeedTreeImporter/Content/SpeedTree9/Empty.uasset" 183
"../../../Engine/Plugins/Editor/SpeedTreeImporter/Content/SpeedTree9/Empty.uexp" 184
"../../../Engine/Plugins/Editor/SpeedTreeImporter/Content/SpeedTree9/SpeedTreeMaster.uasset" 185
"../../../Engine/Plugins/Editor/SpeedTreeImporter/Content/SpeedTree9/SpeedTreeMaster.uexp" 186
"../../../Engine/Plugins/Editor/SpeedTreeImporter/Content/SpeedTree9/SpeedTreeBillboard.uasset" 187
"../../../Engine/Plugins/Editor/SpeedTreeImporter/Content/SpeedTree9/SpeedTreeBillboard.uexp" 188
"../../../Engine/Plugins/Editor/SpeedTreeImporter/Content/SpeedTree9/SpeedTreeBillboardMaster.uasset" 189
"../../../Engine/Plugins/Editor/SpeedTreeImporter/Content/SpeedTree9/SpeedTreeBillboardMaster.uexp" 190
"../../../Engine/Plugins/Animation/ControlRig/Content/Controls/ControlRigXRayMaterial.uasset" 191
"../../../Engine/Plugins/Animation/ControlRig/Content/Controls/ControlRigXRayMaterial.uexp" 192
"../../../Engine/Plugins/Animation/ControlRig/Content/Controls/ControlRigGizmoMaterial.uasset" 193
"../../../Engine/Plugins/Animation/ControlRig/Content/Controls/ControlRigGizmoMaterial.uexp" 194
"../../../Engine/Content/EngineResources/DefaultTexture.ubulk" 195
"../../../Engine/Content/EngineResources/DefaultTexture.uasset" 196
"../../../Engine/Content/EngineResources/DefaultTexture.uexp" 197
"../../../Engine/Content/EngineMaterials/RemoveSurfaceMaterial.uasset" 198
"../../../Engine/Content/EngineMaterials/RemoveSurfaceMaterial.uexp" 199
"../../../Engine/Content/EngineMaterials/PreintegratedSkinBRDF.uasset" 200
"../../../Engine/Content/EngineMaterials/PreintegratedSkinBRDF.uexp" 201
"../../../Engine/Content/EngineMaterials/DefaultCalibrationGrayscale.uasset" 202
"../../../Engine/Content/EngineMaterials/DefaultCalibrationGrayscale.uexp" 203
"../../../Engine/Content/EngineMaterials/PPM_DefaultCalibrationGrayscale.uasset" 204
"../../../Engine/Content/EngineMaterials/PPM_DefaultCalibrationGrayscale.uexp" 205
"../../../Engine/Content/EngineMaterials/DefaultCalibrationColor.uasset" 206
"../../../Engine/Content/EngineMaterials/DefaultCalibrationColor.uexp" 207
"../../../Engine/Content/EngineMaterials/PPM_DefaultCalibrationColor.uasset" 208
"../../../Engine/Content/EngineMaterials/PPM_DefaultCalibrationColor.uexp" 209
"../../../Engine/Content/EngineMaterials/PhAT_JointLimitMaterial.uasset" 210
"../../../Engine/Content/EngineMaterials/PhAT_JointLimitMaterial.uexp" 211
"../../../Engine/Content/EngineMaterials/NaniteHiddenSectionMaterial.uasset" 212
"../../../Engine/Content/EngineMaterials/NaniteHiddenSectionMaterial.uexp" 213
"../../../Engine/Content/EngineMaterials/InvalidLightmapSettings.ubulk" 214
"../../../Engine/Content/EngineMaterials/InvalidLightmapSettings.uasset" 215
"../../../Engine/Content/EngineMaterials/InvalidLightmapSettings.uexp" 216
"../../../Engine/Content/EngineMaterials/M_InvalidLightmapSettings.uasset" 217
"../../../Engine/Content/EngineMaterials/M_InvalidLightmapSettings.uexp" 218
"../../../Engine/Content/EngineMaterials/MiniFont.uasset" 219
"../../../Engine/Content/EngineMaterials/MiniFont.uexp" 220
"../../../Engine/Content/EngineMaterials/GizmoMaterial.uasset" 221
"../../../Engine/Content/EngineMaterials/GizmoMaterial.uexp" 222
"../../../Engine/Content/EngineMaterials/BaseFlattenDiffuseMap_VT.ubulk" 223
"../../../Engine/Content/EngineMaterials/BaseFlattenDiffuseMap_VT.uasset" 224
"../../../Engine/Content/EngineMaterials/BaseFlattenDiffuseMap_VT.uexp" 225
"../../../Engine/Content/EngineMaterials/BaseFlattenEmissiveMap_VT.ubulk" 226
"../../../Engine/Content/EngineMaterials/BaseFlattenEmissiveMap_VT.uasset" 227
"../../../Engine/Content/EngineMaterials/BaseFlattenEmissiveMap_VT.uexp" 228
"../../../Engine/Content/EngineMaterials/BaseFlattenGrayscaleMap_VT.ubulk" 229
"../../../Engine/Content/EngineMaterials/BaseFlattenGrayscaleMap_VT.uasset" 230
"../../../Engine/Content/EngineMaterials/BaseFlattenGrayscaleMap_VT.uexp" 231
"../../../Engine/Content/EngineMaterials/BaseFlattenLinearColor_VT.ubulk" 232
"../../../Engine/Content/EngineMaterials/BaseFlattenLinearColor_VT.uasset" 233
"../../../Engine/Content/EngineMaterials/BaseFlattenLinearColor_VT.uexp" 234
"../../../Engine/Content/EngineMaterials/BaseFlattenNormalMap_VT.ubulk" 235
"../../../Engine/Content/EngineMaterials/BaseFlattenNormalMap_VT.uasset" 236
"../../../Engine/Content/EngineMaterials/BaseFlattenNormalMap_VT.uexp" 237
"../../../Engine/Content/EngineMaterials/Black_1x1_EXR_Texture_VT.ubulk" 238
"../../../Engine/Content/EngineMaterials/Black_1x1_EXR_Texture_VT.uasset" 239
"../../../Engine/Content/EngineMaterials/Black_1x1_EXR_Texture_VT.uexp" 240
"../../../Engine/Content/EngineMaterials/FlattenMaterial_WS_Normal_VT.uasset" 241
"../../../Engine/Content/EngineMaterials/FlattenMaterial_WS_Normal_VT.uexp" 242
"../../../Engine/Content/EngineMaterials/FlattenMaterial_VT.uasset" 243
"../../../Engine/Content/EngineMaterials/FlattenMaterial_VT.uexp" 244
"../../../Engine/Content/EngineMaterials/BaseFlattenNormalMap.uasset" 245
"../../../Engine/Content/EngineMaterials/BaseFlattenNormalMap.uexp" 246
"../../../Engine/Content/EngineMaterials/BaseFlattenDiffuseMap.uasset" 247
"../../../Engine/Content/EngineMaterials/BaseFlattenDiffuseMap.uexp" 248
"../../../Engine/Content/EngineMaterials/BaseFlattenEmissiveMap.uasset" 249
"../../../Engine/Content/EngineMaterials/BaseFlattenEmissiveMap.uexp" 250
"../../../Engine/Content/EngineMaterials/BaseFlattenGrayscaleMap.uasset" 251
"../../../Engine/Content/EngineMaterials/BaseFlattenGrayscaleMap.uexp" 252
"../../../Engine/Content/EngineMaterials/BaseFlattenLinearColor.uasset" 253
"../../../Engine/Content/EngineMaterials/BaseFlattenLinearColor.uexp" 254
"../../../Engine/Content/Functions/Engine_MaterialFunctions02/PivotPainter2/Black_1x1_EXR_Texture.uasset" 255
"../../../Engine/Content/Functions/Engine_MaterialFunctions02/PivotPainter2/Black_1x1_EXR_Texture.uexp" 256
"../../../Engine/Content/EngineMaterials/FlattenMaterial.uasset" 257
"../../../Engine/Content/EngineMaterials/FlattenMaterial.uexp" 258
"../../../Engine/Content/EngineMaterials/FastBlueNoise_vec2_128x128x64.uasset" 259
"../../../Engine/Content/EngineMaterials/FastBlueNoise_vec2_128x128x64.uexp" 260
"../../../Engine/Content/EngineMaterials/FastBlueNoise_scalar_128x128x8.uasset" 261
"../../../Engine/Content/EngineMaterials/FastBlueNoise_scalar_128x128x8.uexp" 262
"../../../Engine/Content/EngineMaterials/FastBlueNoise_scalar_128x128x64.uasset" 263
"../../../Engine/Content/EngineMaterials/FastBlueNoise_scalar_128x128x64.uexp" 264
"../../../Engine/Content/EngineMaterials/DefaultWhiteGrid_Low.uasset" 265
"../../../Engine/Content/EngineMaterials/DefaultWhiteGrid_Low.uexp" 266
"../../../Engine/Content/EngineMaterials/EmissiveMeshMaterial.uasset" 267
"../../../Engine/Content/EngineMaterials/EmissiveMeshMaterial.uexp" 268
"../../../Engine/Plugins/VirtualProduction/CameraCalibrationCore/Content/Materials/M_DefaultOddSquare.uasset" 269
"../../../Engine/Plugins/VirtualProduction/CameraCalibrationCore/Content/Materials/M_DefaultOddSquare.uexp" 270
"../../../Engine/Plugins/VirtualProduction/CameraCalibrationCore/Content/Materials/M_DefaultEvenSquare.uasset" 271
"../../../Engine/Plugins/VirtualProduction/CameraCalibrationCore/Content/Materials/M_DefaultEvenSquare.uexp" 272
"../../../Engine/Plugins/Runtime/HairStrands/Content/Materials/HairMeshesDefaultMaterial.uasset" 273
"../../../Engine/Plugins/Runtime/HairStrands/Content/Materials/HairMeshesDefaultMaterial.uexp" 274
"../../../Engine/Plugins/Runtime/HairStrands/Content/Materials/HairDefaultMaterial.uasset" 275
"../../../Engine/Plugins/Runtime/HairStrands/Content/Materials/HairDefaultMaterial.uexp" 276
"../../../Engine/Content/Functions/Engine_MaterialFunctions02/Utility/MakeFloat2.uasset" 277
"../../../Engine/Content/Functions/Engine_MaterialFunctions02/Utility/MakeFloat2.uexp" 278
"../../../Engine/Content/Functions/Engine_MaterialFunctions02/Utility/MakeFloat3.uasset" 279
"../../../Engine/Content/Functions/Engine_MaterialFunctions02/Utility/MakeFloat3.uexp" 280
"../../../Engine/Content/EngineMaterials/HairDebugColor.uasset" 281
"../../../Engine/Content/EngineMaterials/HairDebugColor.uexp" 282
"../../../Engine/Content/EngineMaterials/HairColorMap.uasset" 283
"../../../Engine/Content/EngineMaterials/HairColorMap.uexp" 284
"../../../Engine/Plugins/Runtime/HairStrands/Content/Materials/HairGroupColors.uasset" 285
"../../../Engine/Plugins/Runtime/HairStrands/Content/Materials/HairGroupColors.uexp" 286
"../../../Engine/Plugins/Runtime/HairStrands/Content/Materials/HairDebugMaterial.uasset" 287
"../../../Engine/Plugins/Runtime/HairStrands/Content/Materials/HairDebugMaterial.uexp" 288
"../../../Engine/Plugins/Runtime/HairStrands/Content/Materials/HairCardsDefaultMaterial.uasset" 289
"../../../Engine/Plugins/Runtime/HairStrands/Content/Materials/HairCardsDefaultMaterial.uexp" 290
"../../../Engine/Plugins/Runtime/AudioWidgets/Content/Resources/ScrubHandleDown_Clamped.uasset" 291
"../../../Engine/Plugins/Runtime/AudioWidgets/Content/Resources/ScrubHandleDown_Clamped.uexp" 292
"../../../Engine/Plugins/Interchange/Assets/Content/Functions/MX_UsdPreviewSurface.uasset" 293
"../../../Engine/Plugins/Interchange/Assets/Content/Functions/MX_UsdPreviewSurface.uexp" 294
"../../../Engine/Plugins/Interchange/Assets/Content/Functions/MX_UniformEDF.uasset" 295
"../../../Engine/Plugins/Interchange/Assets/Content/Functions/MX_UniformEDF.uexp" 296
"../../../Engine/Plugins/Interchange/Assets/Content/Functions/MX_TranslucentBSDF.uasset" 297
"../../../Engine/Plugins/Interchange/Assets/Content/Functions/MX_TranslucentBSDF.uexp" 298
"../../../Engine/Plugins/Interchange/Assets/Content/Functions/MX_ThinFilmBSDF.uasset" 299
"../../../Engine/Plugins/Interchange/Assets/Content/Functions/MX_ThinFilmBSDF.uexp" 300
"../../../Engine/Plugins/Interchange/Assets/Content/Functions/MX_SurfaceUnlit.uasset" 301
"../../../Engine/Plugins/Interchange/Assets/Content/Functions/MX_SurfaceUnlit.uexp" 302
"../../../Engine/Plugins/Interchange/Assets/Content/Functions/MX_Surface.uasset" 303
"../../../Engine/Plugins/Interchange/Assets/Content/Functions/MX_Surface.uexp" 304
"../../../Engine/Plugins/Interchange/Assets/Content/Functions/MX_SubsurfaceBSDF.uasset" 305
"../../../Engine/Plugins/Interchange/Assets/Content/Functions/MX_SubsurfaceBSDF.uexp" 306
"../../../Engine/Plugins/Interchange/Assets/Content/Functions/MX_SheenBSDF.uasset" 307
"../../../Engine/Plugins/Interchange/Assets/Content/Functions/MX_SheenBSDF.uexp" 308
"../../../Engine/Plugins/Interchange/Assets/Content/Functions/MX_OrenNayarBSDF.uasset" 309
"../../../Engine/Plugins/Interchange/Assets/Content/Functions/MX_OrenNayarBSDF.uexp" 310
"../../../Engine/Plugins/Interchange/Assets/Content/Functions/MF_IridescenceNoLUT.uasset" 311
"../../../Engine/Plugins/Interchange/Assets/Content/Functions/MF_IridescenceNoLUT.uexp" 312
"../../../Engine/Plugins/Interchange/Assets/Content/Functions/MX_StandardSurface.uasset" 313
"../../../Engine/Plugins/Interchange/Assets/Content/Functions/MX_StandardSurface.uexp" 314
"../../../Engine/Plugins/Interchange/Assets/Content/Functions/MX_TransmissionSurface.uasset" 315
"../../../Engine/Plugins/Interchange/Assets/Content/Functions/MX_TransmissionSurface.uexp" 316
"../../../Engine/Plugins/Interchange/Assets/Content/Functions/MX_OpenPBR_Translucent.uasset" 317
"../../../Engine/Plugins/Interchange/Assets/Content/Functions/MX_OpenPBR_Translucent.uexp" 318
"../../../Engine/Plugins/Interchange/Assets/Content/Functions/MX_OpenPBR_Opaque.uasset" 319
"../../../Engine/Plugins/Interchange/Assets/Content/Functions/MX_OpenPBR_Opaque.uexp" 320
"../../../Engine/Plugins/Interchange/Assets/Content/Functions/MX_MeasuredEDF.uasset" 321
"../../../Engine/Plugins/Interchange/Assets/Content/Functions/MX_MeasuredEDF.uexp" 322
"../../../Engine/Plugins/Interchange/Assets/Content/Functions/MX_GeneralizedSchlickBSDF.uasset" 323
"../../../Engine/Plugins/Interchange/Assets/Content/Functions/MX_GeneralizedSchlickBSDF.uexp" 324
"../../../Engine/Plugins/Interchange/Assets/Content/Functions/MX_Displacement.uasset" 325
"../../../Engine/Plugins/Interchange/Assets/Content/Functions/MX_Displacement.uexp" 326
"../../../Engine/Plugins/Interchange/Assets/Content/Functions/MX_DielectricBSDF.uasset" 327
"../../../Engine/Plugins/Interchange/Assets/Content/Functions/MX_DielectricBSDF.uexp" 328
"../../../Engine/Plugins/Interchange/Assets/Content/Functions/MX_ConicalEDF.uasset" 329
"../../../Engine/Plugins/Interchange/Assets/Content/Functions/MX_ConicalEDF.uexp" 330
"../../../Engine/Plugins/Interchange/Assets/Content/Functions/MX_ConductorBSDF.uasset" 331
"../../../Engine/Plugins/Interchange/Assets/Content/Functions/MX_ConductorBSDF.uexp" 332
"../../../Engine/Plugins/Interchange/Assets/Content/Functions/MX_BurleyDiffuseBSDF.uasset" 333
"../../../Engine/Plugins/Interchange/Assets/Content/Functions/MX_BurleyDiffuseBSDF.uexp" 334
"../../../Engine/Plugins/Interchange/Assets/Content/Functions/MX_AnisotropicVDF.uasset" 335
"../../../Engine/Plugins/Interchange/Assets/Content/Functions/MX_AnisotropicVDF.uexp" 336
"../../../Engine/Plugins/Interchange/Assets/Content/Functions/MX_AbsorptionVDF.uasset" 337
"../../../Engine/Plugins/Interchange/Assets/Content/Functions/MX_AbsorptionVDF.uexp" 338
"../../../Engine/Content/EngineMaterials/DefaultWhiteGrid.ubulk" 339
"../../../Engine/Content/EngineMaterials/DefaultWhiteGrid.uasset" 340
"../../../Engine/Content/EngineMaterials/DefaultWhiteGrid.uexp" 341
"../../../Engine/Content/EngineFonts/RobotoDistanceField.uasset" 342
"../../../Engine/Content/EngineFonts/RobotoDistanceField.uexp" 343
"../../../Engine/Content/EngineMaterials/DefaultTextMaterialOpaque.uasset" 344
"../../../Engine/Content/EngineMaterials/DefaultTextMaterialOpaque.uexp" 345
"../../../Engine/Content/EngineMaterials/DefaultPostProcessMaterial.uasset" 346
"../../../Engine/Content/EngineMaterials/DefaultPostProcessMaterial.uexp" 347
"../../../Engine/Content/EngineMaterials/DefaultLightFunctionMaterial.uasset" 348
"../../../Engine/Content/EngineMaterials/DefaultLightFunctionMaterial.uexp" 349
"../../../Engine/Content/EngineMaterials/DefaultDeferredDecalMaterial.uasset" 350
"../../../Engine/Content/EngineMaterials/DefaultDeferredDecalMaterial.uexp" 351
"../../../Engine/Content/EngineMaterials/DefaultBokeh.uasset" 352
"../../../Engine/Content/EngineMaterials/DefaultBokeh.uexp" 353
"../../../Engine/Content/EngineMaterials/DefaultBloomKernel.uasset" 354
"../../../Engine/Content/EngineMaterials/DefaultBloomKernel.uexp" 355
"../../../Engine/Content/Functions/Engine_MaterialFunctions02/Utility/CameraDirectionVector.uasset" 356
"../../../Engine/Content/Functions/Engine_MaterialFunctions02/Utility/CameraDirectionVector.uexp" 357
"../../../Engine/Content/EngineDebugMaterials/VolumeToRender.uasset" 358
"../../../Engine/Content/EngineDebugMaterials/VolumeToRender.uexp" 359
"../../../Engine/Content/EngineDebugMaterials/M_VolumeRenderSphereTracePP.uasset" 360
"../../../Engine/Content/EngineDebugMaterials/M_VolumeRenderSphereTracePP.uexp" 361
"../../../Engine/Content/EngineDebugMaterials/M_SimpleUnlitTranslucent.uasset" 362
"../../../Engine/Content/EngineDebugMaterials/M_SimpleUnlitTranslucent.uexp" 363
"../../../Engine/Content/EngineDebugMaterials/DebugMeshMaterial.uasset" 364
"../../../Engine/Content/EngineDebugMaterials/DebugMeshMaterial.uexp" 365
"../../../Engine/Content/EngineDebugMaterials/DebugEditorMaterial.uasset" 366
"../../../Engine/Content/EngineDebugMaterials/DebugEditorMaterial.uexp" 367
"../../../Engine/Content/EngineDamageTypes/DmgTypeBP_Environmental.uasset" 368
"../../../Engine/Content/EngineDamageTypes/DmgTypeBP_Environmental.uexp" 369
"../../../Engine/Content/EngineResources/FilmGrains/Marcie_Grain_v3_128_M2_000.uasset" 370
"../../../Engine/Content/EngineResources/FilmGrains/Marcie_Grain_v3_128_M2_000.uexp" 371
"../../../Engine/Content/EngineResources/Development/ZenLogo_64.uasset" 372
"../../../Engine/Content/EngineResources/Development/ZenLogo_64.uexp" 373
"../../../Engine/Content/EngineMaterials/LTC/Sheen_LTC.uasset" 374
"../../../Engine/Content/EngineMaterials/LTC/Sheen_LTC.uexp" 375
"../../../Engine/Content/EngineMaterials/LTC/GGX_LTCMat.uasset" 376
"../../../Engine/Content/EngineMaterials/LTC/GGX_LTCMat.uexp" 377
"../../../Engine/Content/EngineMaterials/LTC/GGX_LTCAmp.uasset" 378
"../../../Engine/Content/EngineMaterials/LTC/GGX_LTCAmp.uexp" 379
"../../../Engine/Content/EngineMaterials/EnergyConservation/Sheen_Energy.uasset" 380
"../../../Engine/Content/EngineMaterials/EnergyConservation/Sheen_Energy.uexp" 381
"../../../Engine/Content/EngineMaterials/EnergyConservation/SheenLegacy_Energy.uasset" 382
"../../../Engine/Content/EngineMaterials/EnergyConservation/SheenLegacy_Energy.uexp" 383
"../../../Engine/Content/EngineMaterials/EnergyConservation/GGX_TransmissionEnergyArray.uasset" 384
"../../../Engine/Content/EngineMaterials/EnergyConservation/GGX_TransmissionEnergyArray.uexp" 385
"../../../Engine/Content/EngineMaterials/EnergyConservation/GGX_ReflectionEnergy.uasset" 386
"../../../Engine/Content/EngineMaterials/EnergyConservation/GGX_ReflectionEnergy.uexp" 387
"../../../Engine/Content/EngineMaterials/EnergyConservation/Diffuse_Energy.uasset" 388
"../../../Engine/Content/EngineMaterials/EnergyConservation/Diffuse_Energy.uexp" 389
"../../../Engine/Content/EditorResources/SequenceRecorder/RecordingIndicator.uasset" 390
"../../../Engine/Content/EditorResources/SequenceRecorder/RecordingIndicator.uexp" 391
"../../../Engine/Content/EditorResources/SequenceRecorder/Countdown.uasset" 392
"../../../Engine/Content/EditorResources/SequenceRecorder/Countdown.uexp" 393
"../../../Engine/Content/EditorMaterials/ParticleSystems/PSysThumbnail_OOD.ubulk" 394
"../../../Engine/Content/EditorMaterials/ParticleSystems/PSysThumbnail_OOD.uasset" 395
"../../../Engine/Content/EditorMaterials/ParticleSystems/PSysThumbnail_OOD.uexp" 396
"../../../Engine/Content/EditorMaterials/ParticleSystems/PSysThumbnail_NoImage.ubulk" 397
"../../../Engine/Content/EditorMaterials/ParticleSystems/PSysThumbnail_NoImage.uasset" 398
"../../../Engine/Content/EditorMaterials/ParticleSystems/PSysThumbnail_NoImage.uexp" 399
"../../../Engine/Content/EditorMaterials/Dataflow/DataflowVertexMaterial.uasset" 400
"../../../Engine/Content/EditorMaterials/Dataflow/DataflowVertexMaterial.uexp" 401
"../../../Engine/Content/EditorMaterials/Dataflow/DataflowTwoSidedVertexMaterial.uasset" 402
"../../../Engine/Content/EditorMaterials/Dataflow/DataflowTwoSidedVertexMaterial.uexp" 403
"C:/UE5.6/GMTK/GMTK02/Content/VehicleTemplate/Blueprints/WBP_LoadingScreen.uasset" 404
"C:/UE5.6/GMTK/GMTK02/Content/VehicleTemplate/Blueprints/WBP_LoadingScreen.uexp" 405
"C:/UE5.6/GMTK/GMTK02/Content/VehicleTemplate/Blueprints/BP_GameInstance.uasset" 406
"C:/UE5.6/GMTK/GMTK02/Content/VehicleTemplate/Blueprints/BP_GameInstance.uexp" 407
"../../../Engine/Content/Functions/Engine_MaterialFunctions01/Shading/PowerToRoughness.uasset" 408
"../../../Engine/Content/Functions/Engine_MaterialFunctions01/Shading/PowerToRoughness.uexp" 409
"../../../Engine/Content/Functions/Engine_MaterialFunctions01/Shading/ConvertFromDiffSpec.uasset" 410
"../../../Engine/Content/Functions/Engine_MaterialFunctions01/Shading/ConvertFromDiffSpec.uexp" 411
"../../../Engine/Content/EngineMeshes/Sphere.ubulk" 412
"../../../Engine/Content/EngineMeshes/Sphere.uasset" 413
"../../../Engine/Content/EngineMeshes/Sphere.uexp" 414
"../../../Engine/Content/EngineResources/DefaultTextureCube.uasset" 415
"../../../Engine/Content/EngineResources/DefaultTextureCube.uexp" 416
"../../../Engine/Plugins/2D/Paper2D/Content/DefaultSpriteMaterial.uasset" 417
"../../../Engine/Plugins/2D/Paper2D/Content/DefaultSpriteMaterial.uexp" 418
"../../../Engine/Plugins/2D/Paper2D/Content/OpaqueUnlitSpriteMaterial.uasset" 419
"../../../Engine/Plugins/2D/Paper2D/Content/OpaqueUnlitSpriteMaterial.uexp" 420
"../../../Engine/Plugins/2D/Paper2D/Content/MaskedUnlitSpriteMaterial.uasset" 421
"../../../Engine/Plugins/2D/Paper2D/Content/MaskedUnlitSpriteMaterial.uexp" 422
"../../../Engine/Plugins/NNE/NNEDenoiser/Content/NNE_oidn2-3-0_rt_hdr_calb_cnrm_large__dyn__fp16_opset11_ForwardAlpha.uasset" 423
"../../../Engine/Plugins/NNE/NNEDenoiser/Content/NNE_oidn2-3-0_rt_hdr_calb_cnrm_large__dyn__fp16_opset11_ForwardAlpha.uexp" 424
"../../../Engine/Plugins/NNE/NNEDenoiser/Content/NNE_oidn2-3-0_rt_hdr_calb_cnrm_large__dyn__fp16_opset11_DenoiseAlpha.uasset" 425
"../../../Engine/Plugins/NNE/NNEDenoiser/Content/NNE_oidn2-3-0_rt_hdr_calb_cnrm_large__dyn__fp16_opset11_DenoiseAlpha.uexp" 426
"../../../Engine/Plugins/NNE/NNEDenoiser/Content/NNE_oidn2-3-0_rt_hdr_alb_nrm__dyn__fp16_opset11_ForwardAlpha.uasset" 427
"../../../Engine/Plugins/NNE/NNEDenoiser/Content/NNE_oidn2-3-0_rt_hdr_alb_nrm__dyn__fp16_opset11_ForwardAlpha.uexp" 428
"../../../Engine/Plugins/NNE/NNEDenoiser/Content/NNE_oidn2-3-0_rt_hdr_alb_nrm__dyn__fp16_opset11_DenoiseAlpha.uasset" 429
"../../../Engine/Plugins/NNE/NNEDenoiser/Content/NNE_oidn2-3-0_rt_hdr_alb_nrm__dyn__fp16_opset11_DenoiseAlpha.uexp" 430
"../../../Engine/Plugins/NNE/NNEDenoiser/Content/NNE_oidn2-3-0_rt_hdr_alb_nrm_small__dyn__fp16_opset11_ForwardAlpha.uasset" 431
"../../../Engine/Plugins/NNE/NNEDenoiser/Content/NNE_oidn2-3-0_rt_hdr_alb_nrm_small__dyn__fp16_opset11_ForwardAlpha.uexp" 432
"../../../Engine/Plugins/NNE/NNEDenoiser/Content/NNE_oidn2-3-0_rt_hdr_alb_nrm_small__dyn__fp16_opset11_DenoiseAlpha.uasset" 433
"../../../Engine/Plugins/NNE/NNEDenoiser/Content/NNE_oidn2-3-0_rt_hdr_alb_nrm_small__dyn__fp16_opset11_DenoiseAlpha.uexp" 434
"../../../Engine/Content/EngineMaterials/T_Default_Material_Grid_M.ubulk" 435
"../../../Engine/Content/EngineMaterials/T_Default_Material_Grid_M.uasset" 436
"../../../Engine/Content/EngineMaterials/T_Default_Material_Grid_M.uexp" 437
"../../../Engine/Content/Functions/Engine_MaterialFunctions01/Opacity/CameraDepthFade.uasset" 438
"../../../Engine/Content/Functions/Engine_MaterialFunctions01/Opacity/CameraDepthFade.uexp" 439
"../../../Engine/Content/EngineMaterials/T_Default_Material_Grid_N.ubulk" 440
"../../../Engine/Content/EngineMaterials/T_Default_Material_Grid_N.uasset" 441
"../../../Engine/Content/EngineMaterials/T_Default_Material_Grid_N.uexp" 442
"../../../Engine/Content/EngineMaterials/WorldGridMaterial.uasset" 443
"../../../Engine/Content/EngineMaterials/WorldGridMaterial.uexp" 444
"../../../Engine/Plugins/Media/MediaPlate/Content/SM_MediaPlateScreen.ubulk" 445
"../../../Engine/Plugins/Media/MediaPlate/Content/SM_MediaPlateScreen.uasset" 446
"../../../Engine/Plugins/Media/MediaPlate/Content/SM_MediaPlateScreen.uexp" 447
"../../../Engine/Content/EngineMaterials/DefaultMaterial.uasset" 448
"../../../Engine/Content/EngineMaterials/DefaultMaterial.uexp" 449
"../../../Engine/Content/BasicShapes/Sphere.ubulk" 450
"../../../Engine/Content/BasicShapes/Sphere.uasset" 451
"../../../Engine/Content/BasicShapes/Sphere.uexp" 452
"../../../Engine/Content/BasicShapes/Plane.ubulk" 453
"../../../Engine/Content/BasicShapes/Plane.uasset" 454
"../../../Engine/Content/BasicShapes/Plane.uexp" 455
"../../../Engine/Content/BasicShapes/Cylinder.ubulk" 456
"../../../Engine/Content/BasicShapes/Cylinder.uasset" 457
"../../../Engine/Content/BasicShapes/Cylinder.uexp" 458
"../../../Engine/Content/BasicShapes/Cone.ubulk" 459
"../../../Engine/Content/BasicShapes/Cone.uasset" 460
"../../../Engine/Content/BasicShapes/Cone.uexp" 461
"../../../Engine/Content/EditorLandscapeResources/SplineEditorMeshMat.uasset" 462
"../../../Engine/Content/EditorLandscapeResources/SplineEditorMeshMat.uexp" 463
"../../../Engine/Content/EditorLandscapeResources/SplineEditorMesh.ubulk" 464
"../../../Engine/Content/EditorLandscapeResources/SplineEditorMesh.uasset" 465
"../../../Engine/Content/EditorLandscapeResources/SplineEditorMesh.uexp" 466
"../../../Engine/Content/Functions/Engine_MaterialFunctions03/Math/WithinRangeFloat2.uasset" 467
"../../../Engine/Content/Functions/Engine_MaterialFunctions03/Math/WithinRangeFloat2.uexp" 468
"../../../Engine/Content/EditorLandscapeResources/SelectBrushMaterial.uasset" 469
"../../../Engine/Content/EditorLandscapeResources/SelectBrushMaterial.uexp" 470
"../../../Engine/Content/EditorLandscapeResources/SelectBrushMaterial_SelectedRegion.uasset" 471
"../../../Engine/Content/EditorLandscapeResources/SelectBrushMaterial_SelectedRegion.uexp" 472
"../../../Engine/Content/EditorLandscapeResources/SelectBrushMaterial_Selected.uasset" 473
"../../../Engine/Content/EditorLandscapeResources/SelectBrushMaterial_Selected.uexp" 474
"../../../Engine/Content/EditorLandscapeResources/MaskBrushMaterial.uasset" 475
"../../../Engine/Content/EditorLandscapeResources/MaskBrushMaterial.uexp" 476
"../../../Engine/Content/EditorLandscapeResources/MaskBrushMaterial_MaskedRegion.uasset" 477
"../../../Engine/Content/EditorLandscapeResources/MaskBrushMaterial_MaskedRegion.uexp" 478
"../../../Engine/Content/EditorLandscapeResources/ColorMaskBrushMaterial.uasset" 479
"../../../Engine/Content/EditorLandscapeResources/ColorMaskBrushMaterial.uexp" 480
"../../../Engine/Content/EditorLandscapeResources/ColorMaskBrushMaterial_MaskedRegion.uasset" 481
"../../../Engine/Content/EditorLandscapeResources/ColorMaskBrushMaterial_MaskedRegion.uexp" 482
"../../../Engine/Plugins/Animation/ControlRig/Content/Controls/ControlRig_Wedge_solid.ubulk" 483
"../../../Engine/Plugins/Animation/ControlRig/Content/Controls/ControlRig_Wedge_solid.uasset" 484
"../../../Engine/Plugins/Animation/ControlRig/Content/Controls/ControlRig_Wedge_solid.uexp" 485
"../../../Engine/Plugins/Animation/ControlRig/Content/Controls/ControlRig_Wedge_3mm.ubulk" 486
"../../../Engine/Plugins/Animation/ControlRig/Content/Controls/ControlRig_Wedge_3mm.uasset" 487
"../../../Engine/Plugins/Animation/ControlRig/Content/Controls/ControlRig_Wedge_3mm.uexp" 488
"../../../Engine/Plugins/Animation/ControlRig/Content/Controls/ControlRig_Wedge_1mm.ubulk" 489
"../../../Engine/Plugins/Animation/ControlRig/Content/Controls/ControlRig_Wedge_1mm.uasset" 490
"../../../Engine/Plugins/Animation/ControlRig/Content/Controls/ControlRig_Wedge_1mm.uexp" 491
"../../../Engine/Plugins/Animation/ControlRig/Content/Controls/ControlRig_Triangle_solid.ubulk" 492
"../../../Engine/Plugins/Animation/ControlRig/Content/Controls/ControlRig_Triangle_solid.uasset" 493
"../../../Engine/Plugins/Animation/ControlRig/Content/Controls/ControlRig_Triangle_solid.uexp" 494
"../../../Engine/Plugins/Animation/ControlRig/Content/Controls/ControlRig_Triangle_3mm.ubulk" 495
"../../../Engine/Plugins/Animation/ControlRig/Content/Controls/ControlRig_Triangle_3mm.uasset" 496
"../../../Engine/Plugins/Animation/ControlRig/Content/Controls/ControlRig_Triangle_3mm.uexp" 497
"../../../Engine/Plugins/Animation/ControlRig/Content/Controls/ControlRig_Triangle_1mm.ubulk" 498
"../../../Engine/Plugins/Animation/ControlRig/Content/Controls/ControlRig_Triangle_1mm.uasset" 499
"../../../Engine/Plugins/Animation/ControlRig/Content/Controls/ControlRig_Triangle_1mm.uexp" 500
"../../../Engine/Plugins/Animation/ControlRig/Content/Controls/ControlRig_Star4_solid.ubulk" 501
"../../../Engine/Plugins/Animation/ControlRig/Content/Controls/ControlRig_Star4_solid.uasset" 502
"../../../Engine/Plugins/Animation/ControlRig/Content/Controls/ControlRig_Star4_solid.uexp" 503
"../../../Engine/Plugins/Animation/ControlRig/Content/Controls/ControlRig_Star4_3mm.ubulk" 504
"../../../Engine/Plugins/Animation/ControlRig/Content/Controls/ControlRig_Star4_3mm.uasset" 505
"../../../Engine/Plugins/Animation/ControlRig/Content/Controls/ControlRig_Star4_3mm.uexp" 506
"../../../Engine/Plugins/Animation/ControlRig/Content/Controls/ControlRig_Star4_1mm.ubulk" 507
"../../../Engine/Plugins/Animation/ControlRig/Content/Controls/ControlRig_Star4_1mm.uasset" 508
"../../../Engine/Plugins/Animation/ControlRig/Content/Controls/ControlRig_Star4_1mm.uexp" 509
"../../../Engine/Plugins/Animation/ControlRig/Content/Controls/ControlRig_Square_solid.ubulk" 510
"../../../Engine/Plugins/Animation/ControlRig/Content/Controls/ControlRig_Square_solid.uasset" 511
"../../../Engine/Plugins/Animation/ControlRig/Content/Controls/ControlRig_Square_solid.uexp" 512
"../../../Engine/Plugins/Animation/ControlRig/Content/Controls/ControlRig_Square_3mm.ubulk" 513
"../../../Engine/Plugins/Animation/ControlRig/Content/Controls/ControlRig_Square_3mm.uasset" 514
"../../../Engine/Plugins/Animation/ControlRig/Content/Controls/ControlRig_Square_3mm.uexp" 515
"../../../Engine/Plugins/Animation/ControlRig/Content/Controls/ControlRig_Square_1mm.ubulk" 516
"../../../Engine/Plugins/Animation/ControlRig/Content/Controls/ControlRig_Square_1mm.uasset" 517
"../../../Engine/Plugins/Animation/ControlRig/Content/Controls/ControlRig_Square_1mm.uexp" 518
"../../../Engine/Plugins/Animation/ControlRig/Content/Controls/ControlRig_Sphere_solid.ubulk" 519
"../../../Engine/Plugins/Animation/ControlRig/Content/Controls/ControlRig_Sphere_solid.uasset" 520
"../../../Engine/Plugins/Animation/ControlRig/Content/Controls/ControlRig_Sphere_solid.uexp" 521
"../../../Engine/Plugins/Animation/ControlRig/Content/Controls/ControlRig_Sphere_3mm.ubulk" 522
"../../../Engine/Plugins/Animation/ControlRig/Content/Controls/ControlRig_Sphere_3mm.uasset" 523
"../../../Engine/Plugins/Animation/ControlRig/Content/Controls/ControlRig_Sphere_3mm.uexp" 524
"../../../Engine/Plugins/Animation/ControlRig/Content/Controls/ControlRig_Sphere_1mm.ubulk" 525
"../../../Engine/Plugins/Animation/ControlRig/Content/Controls/ControlRig_Sphere_1mm.uasset" 526
"../../../Engine/Plugins/Animation/ControlRig/Content/Controls/ControlRig_Sphere_1mm.uexp" 527
"../../../Engine/Plugins/Animation/ControlRig/Content/Controls/ControlRig_RoundedTriangle_solid.ubulk" 528
"../../../Engine/Plugins/Animation/ControlRig/Content/Controls/ControlRig_RoundedTriangle_solid.uasset" 529
"../../../Engine/Plugins/Animation/ControlRig/Content/Controls/ControlRig_RoundedTriangle_solid.uexp" 530
"../../../Engine/Plugins/Animation/ControlRig/Content/Controls/ControlRig_RoundedTriangle_3mm.ubulk" 531
"../../../Engine/Plugins/Animation/ControlRig/Content/Controls/ControlRig_RoundedTriangle_3mm.uasset" 532
"../../../Engine/Plugins/Animation/ControlRig/Content/Controls/ControlRig_RoundedTriangle_3mm.uexp" 533
"../../../Engine/Plugins/Animation/ControlRig/Content/Controls/ControlRig_RoundedTriangle_1mm.ubulk" 534
"../../../Engine/Plugins/Animation/ControlRig/Content/Controls/ControlRig_RoundedTriangle_1mm.uasset" 535
"../../../Engine/Plugins/Animation/ControlRig/Content/Controls/ControlRig_RoundedTriangle_1mm.uexp" 536
"../../../Engine/Plugins/Animation/ControlRig/Content/Controls/ControlRig_RoundedSquare_solid.ubulk" 537
"../../../Engine/Plugins/Animation/ControlRig/Content/Controls/ControlRig_RoundedSquare_solid.uasset" 538
"../../../Engine/Plugins/Animation/ControlRig/Content/Controls/ControlRig_RoundedSquare_solid.uexp" 539
"../../../Engine/Plugins/Animation/ControlRig/Content/Controls/ControlRig_RoundedSquare_3mm.ubulk" 540
"../../../Engine/Plugins/Animation/ControlRig/Content/Controls/ControlRig_RoundedSquare_3mm.uasset" 541
"../../../Engine/Plugins/Animation/ControlRig/Content/Controls/ControlRig_RoundedSquare_3mm.uexp" 542
"../../../Engine/Plugins/Animation/ControlRig/Content/Controls/ControlRig_RoundedSquare_1mm.ubulk" 543
"../../../Engine/Plugins/Animation/ControlRig/Content/Controls/ControlRig_RoundedSquare_1mm.uasset" 544
"../../../Engine/Plugins/Animation/ControlRig/Content/Controls/ControlRig_RoundedSquare_1mm.uexp" 545
"../../../Engine/Plugins/Animation/ControlRig/Content/Controls/ControlRig_QuarterCircle_solid.ubulk" 546
"../../../Engine/Plugins/Animation/ControlRig/Content/Controls/ControlRig_QuarterCircle_solid.uasset" 547
"../../../Engine/Plugins/Animation/ControlRig/Content/Controls/ControlRig_QuarterCircle_solid.uexp" 548
"../../../Engine/Plugins/Animation/ControlRig/Content/Controls/ControlRig_QuarterCircle_3mm.ubulk" 549
"../../../Engine/Plugins/Animation/ControlRig/Content/Controls/ControlRig_QuarterCircle_3mm.uasset" 550
"../../../Engine/Plugins/Animation/ControlRig/Content/Controls/ControlRig_QuarterCircle_3mm.uexp" 551
"../../../Engine/Plugins/Animation/ControlRig/Content/Controls/ControlRig_QuarterCircle_1mm.ubulk" 552
"../../../Engine/Plugins/Animation/ControlRig/Content/Controls/ControlRig_QuarterCircle_1mm.uasset" 553
"../../../Engine/Plugins/Animation/ControlRig/Content/Controls/ControlRig_QuarterCircle_1mm.uexp" 554
"../../../Engine/Plugins/Animation/ControlRig/Content/Controls/ControlRig_Pyramid_solid.ubulk" 555
"../../../Engine/Plugins/Animation/ControlRig/Content/Controls/ControlRig_Pyramid_solid.uasset" 556
"../../../Engine/Plugins/Animation/ControlRig/Content/Controls/ControlRig_Pyramid_solid.uexp" 557
"../../../Engine/Plugins/Animation/ControlRig/Content/Controls/ControlRig_Pyramid_3mm.ubulk" 558
"../../../Engine/Plugins/Animation/ControlRig/Content/Controls/ControlRig_Pyramid_3mm.uasset" 559
"../../../Engine/Plugins/Animation/ControlRig/Content/Controls/ControlRig_Pyramid_3mm.uexp" 560
"../../../Engine/Plugins/Animation/ControlRig/Content/Controls/ControlRig_Pyramid_1mm.ubulk" 561
"../../../Engine/Plugins/Animation/ControlRig/Content/Controls/ControlRig_Pyramid_1mm.uasset" 562
"../../../Engine/Plugins/Animation/ControlRig/Content/Controls/ControlRig_Pyramid_1mm.uexp" 563
"../../../Engine/Plugins/Animation/ControlRig/Content/Controls/ControlRig_Octagon_solid.ubulk" 564
"../../../Engine/Plugins/Animation/ControlRig/Content/Controls/ControlRig_Octagon_solid.uasset" 565
"../../../Engine/Plugins/Animation/ControlRig/Content/Controls/ControlRig_Octagon_solid.uexp" 566
"../../../Engine/Plugins/Animation/ControlRig/Content/Controls/ControlRig_Octagon_3mm.ubulk" 567
"../../../Engine/Plugins/Animation/ControlRig/Content/Controls/ControlRig_Octagon_3mm.uasset" 568
"../../../Engine/Plugins/Animation/ControlRig/Content/Controls/ControlRig_Octagon_3mm.uexp" 569
"../../../Engine/Plugins/Animation/ControlRig/Content/Controls/ControlRig_Octagon_1mm.ubulk" 570
"../../../Engine/Plugins/Animation/ControlRig/Content/Controls/ControlRig_Octagon_1mm.uasset" 571
"../../../Engine/Plugins/Animation/ControlRig/Content/Controls/ControlRig_Octagon_1mm.uexp" 572
"../../../Engine/Plugins/Animation/ControlRig/Content/Controls/ControlRig_Hexagon_solid.ubulk" 573
"../../../Engine/Plugins/Animation/ControlRig/Content/Controls/ControlRig_Hexagon_solid.uasset" 574
"../../../Engine/Plugins/Animation/ControlRig/Content/Controls/ControlRig_Hexagon_solid.uexp" 575
"../../../Engine/Plugins/Animation/ControlRig/Content/Controls/ControlRig_Hexagon_3mm.ubulk" 576
"../../../Engine/Plugins/Animation/ControlRig/Content/Controls/ControlRig_Hexagon_3mm.uasset" 577
"../../../Engine/Plugins/Animation/ControlRig/Content/Controls/ControlRig_Hexagon_3mm.uexp" 578
"../../../Engine/Plugins/Animation/ControlRig/Content/Controls/ControlRig_Hexagon_1mm.ubulk" 579
"../../../Engine/Plugins/Animation/ControlRig/Content/Controls/ControlRig_Hexagon_1mm.uasset" 580
"../../../Engine/Plugins/Animation/ControlRig/Content/Controls/ControlRig_Hexagon_1mm.uexp" 581
"../../../Engine/Plugins/Animation/ControlRig/Content/Controls/ControlRig_HalfCircle_solid.ubulk" 582
"../../../Engine/Plugins/Animation/ControlRig/Content/Controls/ControlRig_HalfCircle_solid.uasset" 583
"../../../Engine/Plugins/Animation/ControlRig/Content/Controls/ControlRig_HalfCircle_solid.uexp" 584
"../../../Engine/Plugins/Animation/ControlRig/Content/Controls/ControlRig_HalfCircle_3mm.ubulk" 585
"../../../Engine/Plugins/Animation/ControlRig/Content/Controls/ControlRig_HalfCircle_3mm.uasset" 586
"../../../Engine/Plugins/Animation/ControlRig/Content/Controls/ControlRig_HalfCircle_3mm.uexp" 587
"../../../Engine/Plugins/Animation/ControlRig/Content/Controls/ControlRig_HalfCircle_1mm.ubulk" 588
"../../../Engine/Plugins/Animation/ControlRig/Content/Controls/ControlRig_HalfCircle_1mm.uasset" 589
"../../../Engine/Plugins/Animation/ControlRig/Content/Controls/ControlRig_HalfCircle_1mm.uexp" 590
"../../../Engine/Plugins/Animation/ControlRig/Content/Controls/ControlRig_Diamond_solid.ubulk" 591
"../../../Engine/Plugins/Animation/ControlRig/Content/Controls/ControlRig_Diamond_solid.uasset" 592
"../../../Engine/Plugins/Animation/ControlRig/Content/Controls/ControlRig_Diamond_solid.uexp" 593
"../../../Engine/Plugins/Animation/ControlRig/Content/Controls/ControlRig_Diamond_3mm.ubulk" 594
"../../../Engine/Plugins/Animation/ControlRig/Content/Controls/ControlRig_Diamond_3mm.uasset" 595
"../../../Engine/Plugins/Animation/ControlRig/Content/Controls/ControlRig_Diamond_3mm.uexp" 596
"../../../Engine/Plugins/Animation/ControlRig/Content/Controls/ControlRig_Diamond_1mm.ubulk" 597
"../../../Engine/Plugins/Animation/ControlRig/Content/Controls/ControlRig_Diamond_1mm.uasset" 598
"../../../Engine/Plugins/Animation/ControlRig/Content/Controls/ControlRig_Diamond_1mm.uexp" 599
"../../../Engine/Plugins/Animation/ControlRig/Content/Controls/ControlRig_Circle_solid.ubulk" 600
"../../../Engine/Plugins/Animation/ControlRig/Content/Controls/ControlRig_Circle_solid.uasset" 601
"../../../Engine/Plugins/Animation/ControlRig/Content/Controls/ControlRig_Circle_solid.uexp" 602
"../../../Engine/Plugins/Animation/ControlRig/Content/Controls/ControlRig_Circle_3mm.ubulk" 603
"../../../Engine/Plugins/Animation/ControlRig/Content/Controls/ControlRig_Circle_3mm.uasset" 604
"../../../Engine/Plugins/Animation/ControlRig/Content/Controls/ControlRig_Circle_3mm.uexp" 605
"../../../Engine/Plugins/Animation/ControlRig/Content/Controls/ControlRig_Circle_1mm.ubulk" 606
"../../../Engine/Plugins/Animation/ControlRig/Content/Controls/ControlRig_Circle_1mm.uasset" 607
"../../../Engine/Plugins/Animation/ControlRig/Content/Controls/ControlRig_Circle_1mm.uexp" 608
"../../../Engine/Plugins/Animation/ControlRig/Content/Controls/ControlRig_Box_solid.ubulk" 609
"../../../Engine/Plugins/Animation/ControlRig/Content/Controls/ControlRig_Box_solid.uasset" 610
"../../../Engine/Plugins/Animation/ControlRig/Content/Controls/ControlRig_Box_solid.uexp" 611
"../../../Engine/Plugins/Animation/ControlRig/Content/Controls/ControlRig_Box_3mm.ubulk" 612
"../../../Engine/Plugins/Animation/ControlRig/Content/Controls/ControlRig_Box_3mm.uasset" 613
"../../../Engine/Plugins/Animation/ControlRig/Content/Controls/ControlRig_Box_3mm.uexp" 614
"../../../Engine/Plugins/Animation/ControlRig/Content/Controls/ControlRig_Box_1mm.ubulk" 615
"../../../Engine/Plugins/Animation/ControlRig/Content/Controls/ControlRig_Box_1mm.uasset" 616
"../../../Engine/Plugins/Animation/ControlRig/Content/Controls/ControlRig_Box_1mm.uexp" 617
"../../../Engine/Plugins/Animation/ControlRig/Content/Controls/ControlRig_Arrow_solid.ubulk" 618
"../../../Engine/Plugins/Animation/ControlRig/Content/Controls/ControlRig_Arrow_solid.uasset" 619
"../../../Engine/Plugins/Animation/ControlRig/Content/Controls/ControlRig_Arrow_solid.uexp" 620
"../../../Engine/Plugins/Animation/ControlRig/Content/Controls/ControlRig_Arrow_3mm.ubulk" 621
"../../../Engine/Plugins/Animation/ControlRig/Content/Controls/ControlRig_Arrow_3mm.uasset" 622
"../../../Engine/Plugins/Animation/ControlRig/Content/Controls/ControlRig_Arrow_3mm.uexp" 623
"../../../Engine/Plugins/Animation/ControlRig/Content/Controls/ControlRig_Arrow_1mm.ubulk" 624
"../../../Engine/Plugins/Animation/ControlRig/Content/Controls/ControlRig_Arrow_1mm.uasset" 625
"../../../Engine/Plugins/Animation/ControlRig/Content/Controls/ControlRig_Arrow_1mm.uexp" 626
"../../../Engine/Plugins/Animation/ControlRig/Content/Controls/ControlRig_Arrow4_solid.ubulk" 627
"../../../Engine/Plugins/Animation/ControlRig/Content/Controls/ControlRig_Arrow4_solid.uasset" 628
"../../../Engine/Plugins/Animation/ControlRig/Content/Controls/ControlRig_Arrow4_solid.uexp" 629
"../../../Engine/Plugins/Animation/ControlRig/Content/Controls/ControlRig_Arrow4_3mm.ubulk" 630
"../../../Engine/Plugins/Animation/ControlRig/Content/Controls/ControlRig_Arrow4_3mm.uasset" 631
"../../../Engine/Plugins/Animation/ControlRig/Content/Controls/ControlRig_Arrow4_3mm.uexp" 632
"../../../Engine/Plugins/Animation/ControlRig/Content/Controls/ControlRig_Arrow4_1mm.ubulk" 633
"../../../Engine/Plugins/Animation/ControlRig/Content/Controls/ControlRig_Arrow4_1mm.uasset" 634
"../../../Engine/Plugins/Animation/ControlRig/Content/Controls/ControlRig_Arrow4_1mm.uexp" 635
"../../../Engine/Plugins/Animation/ControlRig/Content/Controls/ControlRig_Arrow2_solid.ubulk" 636
"../../../Engine/Plugins/Animation/ControlRig/Content/Controls/ControlRig_Arrow2_solid.uasset" 637
"../../../Engine/Plugins/Animation/ControlRig/Content/Controls/ControlRig_Arrow2_solid.uexp" 638
"../../../Engine/Plugins/Animation/ControlRig/Content/Controls/ControlRig_Arrow2_3mm.ubulk" 639
"../../../Engine/Plugins/Animation/ControlRig/Content/Controls/ControlRig_Arrow2_3mm.uasset" 640
"../../../Engine/Plugins/Animation/ControlRig/Content/Controls/ControlRig_Arrow2_3mm.uexp" 641
"../../../Engine/Plugins/Animation/ControlRig/Content/Controls/ControlRig_Arrow2_1mm.ubulk" 642
"../../../Engine/Plugins/Animation/ControlRig/Content/Controls/ControlRig_Arrow2_1mm.uasset" 643
"../../../Engine/Plugins/Animation/ControlRig/Content/Controls/ControlRig_Arrow2_1mm.uexp" 644
"../../../Engine/Content/EngineMeshes/Cylinder.ubulk" 645
"../../../Engine/Content/EngineMeshes/Cylinder.uasset" 646
"../../../Engine/Content/EngineMeshes/Cylinder.uexp" 647
"../../../Engine/Content/EngineResources/WhiteSquareTexture.uasset" 648
"../../../Engine/Content/EngineResources/WhiteSquareTexture.uexp" 649
"../../../Engine/Content/EngineMaterials/Widget3DPassThrough.uasset" 650
"../../../Engine/Content/EngineMaterials/Widget3DPassThrough.uexp" 651
"../../../Engine/Content/EngineMaterials/Widget3DPassThrough_Translucent.uasset" 652
"../../../Engine/Content/EngineMaterials/Widget3DPassThrough_Translucent.uexp" 653
"../../../Engine/Content/EngineMaterials/Widget3DPassThrough_Translucent_OneSided.uasset" 654
"../../../Engine/Content/EngineMaterials/Widget3DPassThrough_Translucent_OneSided.uexp" 655
"../../../Engine/Content/EngineMaterials/Widget3DPassThrough_Opaque.uasset" 656
"../../../Engine/Content/EngineMaterials/Widget3DPassThrough_Opaque.uexp" 657
"../../../Engine/Content/EngineMaterials/Widget3DPassThrough_Opaque_OneSided.uasset" 658
"../../../Engine/Content/EngineMaterials/Widget3DPassThrough_Opaque_OneSided.uexp" 659
"../../../Engine/Content/EngineMaterials/Widget3DPassThrough_Masked_OneSided.uasset" 660
"../../../Engine/Content/EngineMaterials/Widget3DPassThrough_Masked_OneSided.uexp" 661
"../../../Engine/Content/EngineMaterials/Widget3DPassThrough_Masked.uasset" 662
"../../../Engine/Content/EngineMaterials/Widget3DPassThrough_Masked.uexp" 663
"../../../Engine/Content/EngineMaterials/WeightMapPlaceholderTexture.uasset" 664
"../../../Engine/Content/EngineMaterials/WeightMapPlaceholderTexture.uexp" 665
"../../../Engine/Content/EngineMaterials/WeightMapArrayPlaceholderTexture.uasset" 666
"../../../Engine/Content/EngineMaterials/WeightMapArrayPlaceholderTexture.uexp" 667
"../../../Engine/Plugins/Interchange/Assets/Content/gltf/Textures/T_White_srgb.uasset" 668
"../../../Engine/Plugins/Interchange/Assets/Content/gltf/Textures/T_White_srgb.uexp" 669
"../../../Engine/Plugins/Interchange/Assets/Content/gltf/MaterialFunctions/MF_BaseColor.uasset" 670
"../../../Engine/Plugins/Interchange/Assets/Content/gltf/MaterialFunctions/MF_BaseColor.uexp" 671
"../../../Engine/Plugins/Interchange/Assets/Content/gltf/MaterialFunctions/MF_RotateV2.uasset" 672
"../../../Engine/Plugins/Interchange/Assets/Content/gltf/MaterialFunctions/MF_RotateV2.uexp" 673
"../../../Engine/Plugins/Interchange/Assets/Content/gltf/MaterialFunctions/MF_TransformUVs.uasset" 674
"../../../Engine/Plugins/Interchange/Assets/Content/gltf/MaterialFunctions/MF_TransformUVs.uexp" 675
"../../../Engine/Plugins/Interchange/Assets/Content/gltf/MaterialBodies/MF_Unlit_Body.uasset" 676
"../../../Engine/Plugins/Interchange/Assets/Content/gltf/MaterialBodies/MF_Unlit_Body.uexp" 677
"../../../Engine/Plugins/Interchange/Assets/Content/gltf/M_Unlit.uasset" 678
"../../../Engine/Plugins/Interchange/Assets/Content/gltf/M_Unlit.uexp" 679
"../../../Engine/Plugins/Interchange/Assets/Content/gltf/MaterialInstances/MI_Unlit_Opaque_DS.uasset" 680
"../../../Engine/Plugins/Interchange/Assets/Content/gltf/MaterialInstances/MI_Unlit_Opaque_DS.uexp" 681
"../../../Engine/Plugins/Interchange/Assets/Content/gltf/MaterialInstances/MI_Unlit_Opaque.uasset" 682
"../../../Engine/Plugins/Interchange/Assets/Content/gltf/MaterialInstances/MI_Unlit_Opaque.uexp" 683
"../../../Engine/Plugins/Interchange/Assets/Content/gltf/MaterialInstances/MI_Unlit_Mask_DS.uasset" 684
"../../../Engine/Plugins/Interchange/Assets/Content/gltf/MaterialInstances/MI_Unlit_Mask_DS.uexp" 685
"../../../Engine/Plugins/Interchange/Assets/Content/gltf/MaterialInstances/MI_Unlit_Mask.uasset" 686
"../../../Engine/Plugins/Interchange/Assets/Content/gltf/MaterialInstances/MI_Unlit_Mask.uexp" 687
"../../../Engine/Plugins/Interchange/Assets/Content/gltf/MaterialInstances/MI_Unlit_Blend_DS.uasset" 688
"../../../Engine/Plugins/Interchange/Assets/Content/gltf/MaterialInstances/MI_Unlit_Blend_DS.uexp" 689
"../../../Engine/Plugins/Interchange/Assets/Content/gltf/MaterialInstances/MI_Unlit_Blend.uasset" 690
"../../../Engine/Plugins/Interchange/Assets/Content/gltf/MaterialInstances/MI_Unlit_Blend.uexp" 691
"../../../Engine/Content/EngineMaterials/Good64x64TilingNoiseHighFreq.uasset" 692
"../../../Engine/Content/EngineMaterials/Good64x64TilingNoiseHighFreq.uexp" 693
"../../../Engine/Content/Functions/Engine_MaterialFunctions02/Texturing/ScreenAlignedPixelToPixelUVs.uasset" 694
"../../../Engine/Content/Functions/Engine_MaterialFunctions02/Texturing/ScreenAlignedPixelToPixelUVs.uexp" 695
"../../../Engine/Plugins/Interchange/Assets/Content/Utilities/New_LUT.uasset" 696
"../../../Engine/Plugins/Interchange/Assets/Content/Utilities/New_LUT.uexp" 697
"../../../Engine/Content/Functions/Engine_MaterialFunctions03/Math/RemapValueRange.uasset" 698
"../../../Engine/Content/Functions/Engine_MaterialFunctions03/Math/RemapValueRange.uexp" 699
"../../../Engine/Plugins/Interchange/Assets/Content/Functions/MF_Iridescence.uasset" 700
"../../../Engine/Plugins/Interchange/Assets/Content/Functions/MF_Iridescence.uexp" 701
"../../../Engine/Plugins/Interchange/Assets/Content/gltf/MaterialFunctions/MF_Fresnel_DS.uasset" 702
"../../../Engine/Plugins/Interchange/Assets/Content/gltf/MaterialFunctions/MF_Fresnel_DS.uexp" 703
"../../../Engine/Plugins/Interchange/Assets/Content/gltf/MaterialFunctions/MF_IOR.uasset" 704
"../../../Engine/Plugins/Interchange/Assets/Content/gltf/MaterialFunctions/MF_IOR.uexp" 705
"../../../Engine/Plugins/Interchange/Assets/Content/gltf/MaterialFunctions/MF_Iridescence.uasset" 706
"../../../Engine/Plugins/Interchange/Assets/Content/gltf/MaterialFunctions/MF_Iridescence.uexp" 707
"../../../Engine/Plugins/Interchange/Assets/Content/gltf/Textures/T_White_Linear.uasset" 708
"../../../Engine/Plugins/Interchange/Assets/Content/gltf/Textures/T_White_Linear.uexp" 709
"../../../Engine/Plugins/Interchange/Assets/Content/gltf/MaterialFunctions/MF_MetallicRoughness.uasset" 710
"../../../Engine/Plugins/Interchange/Assets/Content/gltf/MaterialFunctions/MF_MetallicRoughness.uexp" 711
"../../../Engine/Content/Functions/Engine_MaterialFunctions02/Math/Transform3x3Matrix.uasset" 712
"../../../Engine/Content/Functions/Engine_MaterialFunctions02/Math/Transform3x3Matrix.uexp" 713
"../../../Engine/Plugins/Interchange/Assets/Content/gltf/MaterialFunctions/MF_RotateNormals_TS.uasset" 714
"../../../Engine/Plugins/Interchange/Assets/Content/gltf/MaterialFunctions/MF_RotateNormals_TS.uexp" 715
"../../../Engine/Plugins/Interchange/Assets/Content/gltf/MaterialFunctions/MF_ScaleNormal.uasset" 716
"../../../Engine/Plugins/Interchange/Assets/Content/gltf/MaterialFunctions/MF_ScaleNormal.uexp" 717
"../../../Engine/Plugins/Interchange/Assets/Content/gltf/Textures/T_Generic_N.uasset" 718
"../../../Engine/Plugins/Interchange/Assets/Content/gltf/Textures/T_Generic_N.uexp" 719
"../../../Engine/Plugins/Interchange/Assets/Content/gltf/MaterialFunctions/MF_Normals.uasset" 720
"../../../Engine/Plugins/Interchange/Assets/Content/gltf/MaterialFunctions/MF_Normals.uexp" 721
"../../../Engine/Plugins/Interchange/Assets/Content/gltf/MaterialFunctions/MF_Occlusion.uasset" 722
"../../../Engine/Plugins/Interchange/Assets/Content/gltf/MaterialFunctions/MF_Occlusion.uexp" 723
"../../../Engine/Plugins/Interchange/Assets/Content/gltf/MaterialFunctions/MF_Specular.uasset" 724
"../../../Engine/Plugins/Interchange/Assets/Content/gltf/MaterialFunctions/MF_Specular.uexp" 725
"../../../Engine/Plugins/Interchange/Assets/Content/gltf/Textures/T_Anisotropy_Direction_Linear.uasset" 726
"../../../Engine/Plugins/Interchange/Assets/Content/gltf/Textures/T_Anisotropy_Direction_Linear.uexp" 727
"../../../Engine/Plugins/Interchange/Assets/Content/gltf/MaterialFunctions/MF_SpecularAnisotropy.uasset" 728
"../../../Engine/Plugins/Interchange/Assets/Content/gltf/MaterialFunctions/MF_SpecularAnisotropy.uexp" 729
"../../../Engine/Plugins/Interchange/Assets/Content/gltf/MaterialFunctions/MF_Temporal_Blur.uasset" 730
"../../../Engine/Plugins/Interchange/Assets/Content/gltf/MaterialFunctions/MF_Temporal_Blur.uexp" 731
"../../../Engine/Plugins/Interchange/Assets/Content/gltf/MaterialFunctions/MF_Transmission.uasset" 732
"../../../Engine/Plugins/Interchange/Assets/Content/gltf/MaterialFunctions/MF_Transmission.uexp" 733
"../../../Engine/Plugins/Interchange/Assets/Content/gltf/MaterialBodies/MF_Transmission_Body.uasset" 734
"../../../Engine/Plugins/Interchange/Assets/Content/gltf/MaterialBodies/MF_Transmission_Body.uexp" 735
"../../../Engine/Plugins/Interchange/Assets/Content/gltf/M_Transmission.uasset" 736
"../../../Engine/Plugins/Interchange/Assets/Content/gltf/M_Transmission.uexp" 737
"../../../Engine/Plugins/Interchange/Assets/Content/gltf/MaterialInstances/MI_Transmission_DS.uasset" 738
"../../../Engine/Plugins/Interchange/Assets/Content/gltf/MaterialInstances/MI_Transmission_DS.uexp" 739
"../../../Engine/Plugins/Interchange/Assets/Content/gltf/MaterialInstances/MI_Transmission.uasset" 740
"../../../Engine/Plugins/Interchange/Assets/Content/gltf/MaterialInstances/MI_Transmission.uexp" 741
"../../../Engine/Content/Functions/Engine_MaterialFunctions02/Math/AddComponents.uasset" 742
"../../../Engine/Content/Functions/Engine_MaterialFunctions02/Math/AddComponents.uexp" 743
"../../../Engine/Plugins/Interchange/Assets/Content/gltf/MaterialFunctions/MF_DiffuseSpecGloss.uasset" 744
"../../../Engine/Plugins/Interchange/Assets/Content/gltf/MaterialFunctions/MF_DiffuseSpecGloss.uexp" 745
"../../../Engine/Plugins/Interchange/Assets/Content/gltf/MaterialFunctions/MF_Emissive.uasset" 746
"../../../Engine/Plugins/Interchange/Assets/Content/gltf/MaterialFunctions/MF_Emissive.uexp" 747
"../../../Engine/Plugins/Interchange/Assets/Content/gltf/MaterialFunctions/MF_MaxComponentValue.uasset" 748
"../../../Engine/Plugins/Interchange/Assets/Content/gltf/MaterialFunctions/MF_MaxComponentValue.uexp" 749
"../../../Engine/Plugins/Interchange/Assets/Content/gltf/MaterialFunctions/MF_PerceivedBrightness.uasset" 750
"../../../Engine/Plugins/Interchange/Assets/Content/gltf/MaterialFunctions/MF_PerceivedBrightness.uexp" 751
"../../../Engine/Plugins/Interchange/Assets/Content/gltf/MaterialFunctions/MF_SpecGlossToMetalRoughness.uasset" 752
"../../../Engine/Plugins/Interchange/Assets/Content/gltf/MaterialFunctions/MF_SpecGlossToMetalRoughness.uexp" 753
"../../../Engine/Plugins/Interchange/Assets/Content/gltf/MaterialBodies/MF_SpecularGlossiness_Body.uasset" 754
"../../../Engine/Plugins/Interchange/Assets/Content/gltf/MaterialBodies/MF_SpecularGlossiness_Body.uexp" 755
"../../../Engine/Plugins/Interchange/Assets/Content/gltf/M_SpecularGlossiness.uasset" 756
"../../../Engine/Plugins/Interchange/Assets/Content/gltf/M_SpecularGlossiness.uexp" 757
"../../../Engine/Plugins/Interchange/Assets/Content/gltf/MaterialInstances/MI_SpecularGlossiness_Opaque_DS.uasset" 758
"../../../Engine/Plugins/Interchange/Assets/Content/gltf/MaterialInstances/MI_SpecularGlossiness_Opaque_DS.uexp" 759
"../../../Engine/Plugins/Interchange/Assets/Content/gltf/MaterialInstances/MI_SpecularGlossiness_Opaque.uasset" 760
"../../../Engine/Plugins/Interchange/Assets/Content/gltf/MaterialInstances/MI_SpecularGlossiness_Opaque.uexp" 761
"../../../Engine/Plugins/Interchange/Assets/Content/gltf/MaterialInstances/MI_SpecularGlossiness_Mask_DS.uasset" 762
"../../../Engine/Plugins/Interchange/Assets/Content/gltf/MaterialInstances/MI_SpecularGlossiness_Mask_DS.uexp" 763
"../../../Engine/Plugins/Interchange/Assets/Content/gltf/MaterialInstances/MI_SpecularGlossiness_Mask.uasset" 764
"../../../Engine/Plugins/Interchange/Assets/Content/gltf/MaterialInstances/MI_SpecularGlossiness_Mask.uexp" 765
"../../../Engine/Plugins/Interchange/Assets/Content/gltf/MaterialInstances/MI_SpecularGlossiness_Blend_DS.uasset" 766
"../../../Engine/Plugins/Interchange/Assets/Content/gltf/MaterialInstances/MI_SpecularGlossiness_Blend_DS.uexp" 767
"../../../Engine/Plugins/Interchange/Assets/Content/gltf/MaterialInstances/MI_SpecularGlossiness_Blend.uasset" 768
"../../../Engine/Plugins/Interchange/Assets/Content/gltf/MaterialInstances/MI_SpecularGlossiness_Blend.uexp" 769
"../../../Engine/Plugins/Interchange/Assets/Content/gltf/MaterialFunctions/MF_Sheen.uasset" 770
"../../../Engine/Plugins/Interchange/Assets/Content/gltf/MaterialFunctions/MF_Sheen.uexp" 771
"../../../Engine/Plugins/Interchange/Assets/Content/gltf/MaterialBodies/MF_Sheen_Body.uasset" 772
"../../../Engine/Plugins/Interchange/Assets/Content/gltf/MaterialBodies/MF_Sheen_Body.uexp" 773
"../../../Engine/Plugins/Interchange/Assets/Content/gltf/M_Sheen.uasset" 774
"../../../Engine/Plugins/Interchange/Assets/Content/gltf/M_Sheen.uexp" 775
"../../../Engine/Plugins/Interchange/Assets/Content/gltf/MaterialInstances/MI_Sheen_Opaque_DS.uasset" 776
"../../../Engine/Plugins/Interchange/Assets/Content/gltf/MaterialInstances/MI_Sheen_Opaque_DS.uexp" 777
"../../../Engine/Plugins/Interchange/Assets/Content/gltf/MaterialInstances/MI_Sheen_Opaque.uasset" 778
"../../../Engine/Plugins/Interchange/Assets/Content/gltf/MaterialInstances/MI_Sheen_Opaque.uexp" 779
"../../../Engine/Plugins/Interchange/Assets/Content/gltf/MaterialInstances/MI_Sheen_Mask_DS.uasset" 780
"../../../Engine/Plugins/Interchange/Assets/Content/gltf/MaterialInstances/MI_Sheen_Mask_DS.uexp" 781
"../../../Engine/Plugins/Interchange/Assets/Content/gltf/MaterialInstances/MI_Sheen_Mask.uasset" 782
"../../../Engine/Plugins/Interchange/Assets/Content/gltf/MaterialInstances/MI_Sheen_Mask.uexp" 783
"../../../Engine/Plugins/Interchange/Assets/Content/gltf/MaterialInstances/MI_Sheen_Blend_DS.uasset" 784
"../../../Engine/Plugins/Interchange/Assets/Content/gltf/MaterialInstances/MI_Sheen_Blend_DS.uexp" 785
"../../../Engine/Plugins/Interchange/Assets/Content/gltf/MaterialInstances/MI_Sheen_Blend.uasset" 786
"../../../Engine/Plugins/Interchange/Assets/Content/gltf/MaterialInstances/MI_Sheen_Blend.uexp" 787
"../../../Engine/Plugins/Interchange/Assets/Content/gltf/MaterialBodies/MF_Default_Body.uasset" 788
"../../../Engine/Plugins/Interchange/Assets/Content/gltf/MaterialBodies/MF_Default_Body.uexp" 789
"../../../Engine/Plugins/Interchange/Assets/Content/gltf/M_Default.uasset" 790
"../../../Engine/Plugins/Interchange/Assets/Content/gltf/M_Default.uexp" 791
"../../../Engine/Plugins/Interchange/Assets/Content/gltf/MaterialInstances/MI_Default_Opaque_DS.uasset" 792
"../../../Engine/Plugins/Interchange/Assets/Content/gltf/MaterialInstances/MI_Default_Opaque_DS.uexp" 793
"../../../Engine/Plugins/Interchange/Assets/Content/gltf/MaterialInstances/MI_Default_Opaque.uasset" 794
"../../../Engine/Plugins/Interchange/Assets/Content/gltf/MaterialInstances/MI_Default_Opaque.uexp" 795
"../../../Engine/Plugins/Interchange/Assets/Content/gltf/MaterialInstances/MI_Default_Mask_DS.uasset" 796
"../../../Engine/Plugins/Interchange/Assets/Content/gltf/MaterialInstances/MI_Default_Mask_DS.uexp" 797
"../../../Engine/Plugins/Interchange/Assets/Content/gltf/MaterialInstances/MI_Default_Mask.uasset" 798
"../../../Engine/Plugins/Interchange/Assets/Content/gltf/MaterialInstances/MI_Default_Mask.uexp" 799
"../../../Engine/Plugins/Interchange/Assets/Content/gltf/MaterialInstances/MI_Default_Blend_DS.uasset" 800
"../../../Engine/Plugins/Interchange/Assets/Content/gltf/MaterialInstances/MI_Default_Blend_DS.uexp" 801
"../../../Engine/Plugins/Interchange/Assets/Content/gltf/MaterialInstances/MI_Default_Blend.uasset" 802
"../../../Engine/Plugins/Interchange/Assets/Content/gltf/MaterialInstances/MI_Default_Blend.uexp" 803
"../../../Engine/Content/Functions/Engine_MaterialFunctions01/Texturing/FlattenNormal.uasset" 804
"../../../Engine/Content/Functions/Engine_MaterialFunctions01/Texturing/FlattenNormal.uexp" 805
"../../../Engine/Plugins/Interchange/Assets/Content/gltf/MaterialFunctions/MF_Clearcoat.uasset" 806
"../../../Engine/Plugins/Interchange/Assets/Content/gltf/MaterialFunctions/MF_Clearcoat.uexp" 807
"../../../Engine/Plugins/Interchange/Assets/Content/gltf/MaterialBodies/MF_ClearCoat_Body.uasset" 808
"../../../Engine/Plugins/Interchange/Assets/Content/gltf/MaterialBodies/MF_ClearCoat_Body.uexp" 809
"../../../Engine/Plugins/Interchange/Assets/Content/gltf/M_ClearCoat.uasset" 810
"../../../Engine/Plugins/Interchange/Assets/Content/gltf/M_ClearCoat.uexp" 811
"../../../Engine/Plugins/Interchange/Assets/Content/gltf/MaterialInstances/MI_ClearCoat_Opaque_DS.uasset" 812
"../../../Engine/Plugins/Interchange/Assets/Content/gltf/MaterialInstances/MI_ClearCoat_Opaque_DS.uexp" 813
"../../../Engine/Plugins/Interchange/Assets/Content/gltf/MaterialInstances/MI_ClearCoat_Opaque.uasset" 814
"../../../Engine/Plugins/Interchange/Assets/Content/gltf/MaterialInstances/MI_ClearCoat_Opaque.uexp" 815
"../../../Engine/Plugins/Interchange/Assets/Content/gltf/MaterialInstances/MI_ClearCoat_Mask_DS.uasset" 816
"../../../Engine/Plugins/Interchange/Assets/Content/gltf/MaterialInstances/MI_ClearCoat_Mask_DS.uexp" 817
"../../../Engine/Plugins/Interchange/Assets/Content/gltf/MaterialInstances/MI_ClearCoat_Mask.uasset" 818
"../../../Engine/Plugins/Interchange/Assets/Content/gltf/MaterialInstances/MI_ClearCoat_Mask.uexp" 819
"../../../Engine/Plugins/Interchange/Assets/Content/gltf/MaterialInstances/MI_ClearCoat_Blend_DS.uasset" 820
"../../../Engine/Plugins/Interchange/Assets/Content/gltf/MaterialInstances/MI_ClearCoat_Blend_DS.uexp" 821
"../../../Engine/Plugins/Interchange/Assets/Content/gltf/MaterialInstances/MI_ClearCoat_Blend.uasset" 822
"../../../Engine/Plugins/Interchange/Assets/Content/gltf/MaterialInstances/MI_ClearCoat_Blend.uexp" 823
"../../../Engine/Content/VREditor/TransformGizmo/Xray.uasset" 824
"../../../Engine/Content/VREditor/TransformGizmo/Xray.uexp" 825
"../../../Engine/Content/VREditor/TransformGizmo/Main.uasset" 826
"../../../Engine/Content/VREditor/TransformGizmo/Main.uexp" 827
"../../../Engine/Content/VREditor/TransformGizmo/SM_Sequencer_Node.ubulk" 828
"../../../Engine/Content/VREditor/TransformGizmo/SM_Sequencer_Node.uasset" 829
"../../../Engine/Content/VREditor/TransformGizmo/SM_Sequencer_Node.uexp" 830
"../../../Engine/Content/VREditor/TransformGizmo/TranslucentTransformGizmoMaterial.uasset" 831
"../../../Engine/Content/VREditor/TransformGizmo/TranslucentTransformGizmoMaterial.uexp" 832
"../../../Engine/Content/VREditor/LaserPointer/VR_LaserPower_01.ubulk" 833
"../../../Engine/Content/VREditor/LaserPointer/VR_LaserPower_01.uasset" 834
"../../../Engine/Content/VREditor/LaserPointer/VR_LaserPower_01.uexp" 835
"../../../Engine/Content/VREditor/TransformGizmo/TransformGizmoMaterial.uasset" 836
"../../../Engine/Content/VREditor/TransformGizmo/TransformGizmoMaterial.uexp" 837
"../../../Engine/Content/VREditor/TransformGizmo/BoundingBoxEdge.ubulk" 838
"../../../Engine/Content/VREditor/TransformGizmo/BoundingBoxEdge.uasset" 839
"../../../Engine/Content/VREditor/TransformGizmo/BoundingBoxEdge.uexp" 840
"../../../Engine/Content/VREditor/TransformGizmo/BoundingBoxCorner.ubulk" 841
"../../../Engine/Content/VREditor/TransformGizmo/BoundingBoxCorner.uasset" 842
"../../../Engine/Content/VREditor/TransformGizmo/BoundingBoxCorner.uexp" 843
"../../../Engine/Content/EditorMaterials/Camera/CineMat.uasset" 844
"../../../Engine/Content/EditorMaterials/Camera/CineMat.uexp" 845
"../../../Engine/Content/EditorMaterials/Camera/MI_CineMat_Rig.uasset" 846
"../../../Engine/Content/EditorMaterials/Camera/MI_CineMat_Rig.uexp" 847
"../../../Engine/Content/EditorMeshes/Camera/SM_RailRig_Track.ubulk" 848
"../../../Engine/Content/EditorMeshes/Camera/SM_RailRig_Track.uasset" 849
"../../../Engine/Content/EditorMeshes/Camera/SM_RailRig_Track.uexp" 850
"../../../Engine/Content/EditorMeshes/Camera/SM_RailRig_Mount.ubulk" 851
"../../../Engine/Content/EditorMeshes/Camera/SM_RailRig_Mount.uasset" 852
"../../../Engine/Content/EditorMeshes/Camera/SM_RailRig_Mount.uexp" 853
"../../../Engine/Content/EditorMeshes/Camera/SM_CraneRig_Mount.ubulk" 854
"../../../Engine/Content/EditorMeshes/Camera/SM_CraneRig_Mount.uasset" 855
"../../../Engine/Content/EditorMeshes/Camera/SM_CraneRig_Mount.uexp" 856
"../../../Engine/Content/EditorMeshes/Camera/SM_CraneRig_Body.ubulk" 857
"../../../Engine/Content/EditorMeshes/Camera/SM_CraneRig_Body.uasset" 858
"../../../Engine/Content/EditorMeshes/Camera/SM_CraneRig_Body.uexp" 859
"../../../Engine/Content/EditorMeshes/Camera/SM_CraneRig_Base.ubulk" 860
"../../../Engine/Content/EditorMeshes/Camera/SM_CraneRig_Base.uasset" 861
"../../../Engine/Content/EditorMeshes/Camera/SM_CraneRig_Base.uexp" 862
"../../../Engine/Content/EditorMeshes/Camera/SM_CraneRig_Arm.ubulk" 863
"../../../Engine/Content/EditorMeshes/Camera/SM_CraneRig_Arm.uasset" 864
"../../../Engine/Content/EditorMeshes/Camera/SM_CraneRig_Arm.uexp" 865
"../../../Engine/Content/ArtTools/RenderToTexture/Meshes/S_1_Unit_Plane.ubulk" 866
"../../../Engine/Content/ArtTools/RenderToTexture/Meshes/S_1_Unit_Plane.uasset" 867
"../../../Engine/Content/ArtTools/RenderToTexture/Meshes/S_1_Unit_Plane.uexp" 868
"../../../Engine/Content/EngineMaterials/Substrate/Volume/SubstrateSimpleVolumeLUT3D.uasset" 869
"../../../Engine/Content/EngineMaterials/Substrate/Volume/SubstrateSimpleVolumeLUT3D.uexp" 870
"../../../Engine/Content/EngineMaterials/Substrate/Volume/SubstrateSimpleVolumeEnvLUT3D.uasset" 871
"../../../Engine/Content/EngineMaterials/Substrate/Volume/SubstrateSimpleVolumeEnvLUT3D.uexp" 872
"../../../Engine/Content/EngineMaterials/Substrate/Glints2/AGlintTex2dArray2.uasset" 873
"../../../Engine/Content/EngineMaterials/Substrate/Glints2/AGlintTex2dArray2.uexp" 874
"../../../Engine/Content/EngineMaterials/Substrate/GLints/AGlintTex2dArray.uasset" 875
"../../../Engine/Content/EngineMaterials/Substrate/GLints/AGlintTex2dArray.uexp" 876
"../../../Engine/Plugins/NNE/NNEDenoiser/Content/NNED_Oidn2-3_HighQuality_Alpha.uasset" 877
"../../../Engine/Plugins/NNE/NNEDenoiser/Content/NNED_Oidn2-3_HighQuality_Alpha.uexp" 878
"../../../Engine/Plugins/NNE/NNEDenoiser/Content/NNED_Oidn2-3_HighQuality.uasset" 879
"../../../Engine/Plugins/NNE/NNEDenoiser/Content/NNED_Oidn2-3_HighQuality.uexp" 880
"../../../Engine/Plugins/NNE/NNEDenoiser/Content/NNED_Oidn2-3_Fast_Alpha.uasset" 881
"../../../Engine/Plugins/NNE/NNEDenoiser/Content/NNED_Oidn2-3_Fast_Alpha.uexp" 882
"../../../Engine/Plugins/NNE/NNEDenoiser/Content/NNED_Oidn2-3_Fast.uasset" 883
"../../../Engine/Plugins/NNE/NNEDenoiser/Content/NNED_Oidn2-3_Fast.uexp" 884
"../../../Engine/Plugins/NNE/NNEDenoiser/Content/NNED_Oidn2-3_Balanced_Alpha.uasset" 885
"../../../Engine/Plugins/NNE/NNEDenoiser/Content/NNED_Oidn2-3_Balanced_Alpha.uexp" 886
"../../../Engine/Plugins/NNE/NNEDenoiser/Content/NNED_Oidn2-3_Balanced.uasset" 887
"../../../Engine/Plugins/NNE/NNEDenoiser/Content/NNED_Oidn2-3_Balanced.uexp" 888
"../../../Engine/Plugins/NNE/NNEDenoiser/Content/NNEDT_Oidn2-3_Balanced_Alpha.uasset" 889
"../../../Engine/Plugins/NNE/NNEDenoiser/Content/NNEDT_Oidn2-3_Balanced_Alpha.uexp" 890
"../../../Engine/Plugins/NNE/NNEDenoiser/Content/NNEDT_Oidn2-3_Balanced.uasset" 891
"../../../Engine/Plugins/NNE/NNEDenoiser/Content/NNEDT_Oidn2-3_Balanced.uexp" 892
"../../../Engine/Plugins/Animation/DeformerGraph/Content/DeformerFunctions/DG_Function_LinearBlendSkin_Morph_Cloth_PositionOnly.uasset" 893
"../../../Engine/Plugins/Animation/DeformerGraph/Content/DeformerFunctions/DG_Function_LinearBlendSkin_Morph_Cloth_PositionOnly.uexp" 894
"../../../Engine/Plugins/Animation/DeformerGraph/Content/DeformerFunctions/DG_Function_ComputeNormalsTangents.uasset" 895
"../../../Engine/Plugins/Animation/DeformerGraph/Content/DeformerFunctions/DG_Function_ComputeNormalsTangents.uexp" 896
"../../../Engine/Plugins/Animation/DeformerGraph/Content/Deformers/DG_LinearBlendSkin_Morph_Cloth_RecomputeNormals.uasset" 897
"../../../Engine/Plugins/Animation/DeformerGraph/Content/Deformers/DG_LinearBlendSkin_Morph_Cloth_RecomputeNormals.uexp" 898
"../../../Engine/Plugins/Animation/DeformerGraph/Content/DeformerFunctions/DG_Function_LinearBlendSkin_Morph_Cloth.uasset" 899
"../../../Engine/Plugins/Animation/DeformerGraph/Content/DeformerFunctions/DG_Function_LinearBlendSkin_Morph_Cloth.uexp" 900
"../../../Engine/Plugins/Animation/DeformerGraph/Content/Deformers/DG_LinearBlendSkin_Morph_Cloth.uasset" 901
"../../../Engine/Plugins/Animation/DeformerGraph/Content/Deformers/DG_LinearBlendSkin_Morph_Cloth.uexp" 902
"../../../Engine/Content/VREditor/Sounds/UI/Drop_Item_From_ContentBrowser.ubulk" 903
"../../../Engine/Content/VREditor/Sounds/UI/Drop_Item_From_ContentBrowser.uasset" 904
"../../../Engine/Content/VREditor/Sounds/UI/Drop_Item_From_ContentBrowser.uexp" 905
"../../../Engine/Content/VREditor/TransformGizmo/TransformGizmoMaterial_Inst.uasset" 906
"../../../Engine/Content/VREditor/TransformGizmo/TransformGizmoMaterial_Inst.uexp" 907
"../../../Engine/Content/VREditor/TransformGizmo/TranslucentTransformGizmoMaterial_Inst.uasset" 908
"../../../Engine/Content/VREditor/TransformGizmo/TranslucentTransformGizmoMaterial_Inst.uexp" 909
"../../../Engine/Content/Functions/Engine_MaterialFunctions02/SplitComponents.uasset" 910
"../../../Engine/Content/Functions/Engine_MaterialFunctions02/SplitComponents.uexp" 911
"../../../Engine/Content/VREditor/SnapGrid/SnapGridMaterial.uasset" 912
"../../../Engine/Content/VREditor/SnapGrid/SnapGridMaterial.uexp" 913
"../../../Engine/Content/VREditor/SnapGrid/SnapGridPlaneMesh.ubulk" 914
"../../../Engine/Content/VREditor/SnapGrid/SnapGridPlaneMesh.uasset" 915
"../../../Engine/Content/VREditor/SnapGrid/SnapGridPlaneMesh.uexp" 916
"../../../Engine/Content/VREditor/Sounds/UI/Gizmo_Handle_Clicked.ubulk" 917
"../../../Engine/Content/VREditor/Sounds/UI/Gizmo_Handle_Clicked.uasset" 918
"../../../Engine/Content/VREditor/Sounds/UI/Gizmo_Handle_Clicked.uexp" 919
"../../../Engine/Content/VREditor/Sounds/UI/Object_PickUp.ubulk" 920
"../../../Engine/Content/VREditor/Sounds/UI/Object_PickUp.uasset" 921
"../../../Engine/Content/VREditor/Sounds/UI/Object_PickUp.uexp" 922
"../../../Engine/Content/VREditor/Sounds/UI/Object_Snaps_To_Another_Actor.ubulk" 923
"../../../Engine/Content/VREditor/Sounds/UI/Object_Snaps_To_Another_Actor.uasset" 924
"../../../Engine/Content/VREditor/Sounds/UI/Object_Snaps_To_Another_Actor.uexp" 925
"../../../Engine/Content/VREditor/Sounds/UI/Object_Snaps_To_Grid.ubulk" 926
"../../../Engine/Content/VREditor/Sounds/UI/Object_Snaps_To_Grid.uasset" 927
"../../../Engine/Content/VREditor/Sounds/UI/Object_Snaps_To_Grid.uexp" 928
"../../../Engine/Content/VREditor/Sounds/UI/Scaling_Down.ubulk" 929
"../../../Engine/Content/VREditor/Sounds/UI/Scaling_Down.uasset" 930
"../../../Engine/Content/VREditor/Sounds/UI/Scaling_Down.uexp" 931
"../../../Engine/Content/VREditor/Sounds/UI/Scaling_Up.ubulk" 932
"../../../Engine/Content/VREditor/Sounds/UI/Scaling_Up.uasset" 933
"../../../Engine/Content/VREditor/Sounds/UI/Scaling_Up.uexp" 934
"../../../Engine/Content/VREditor/Sounds/UI/Selection_Changes.ubulk" 935
"../../../Engine/Content/VREditor/Sounds/UI/Selection_Changes.uasset" 936
"../../../Engine/Content/VREditor/Sounds/UI/Selection_Changes.uexp" 937
"../../../Engine/Content/VREditor/TransformGizmo/PlaneTranslationHandle.ubulk" 938
"../../../Engine/Content/VREditor/TransformGizmo/PlaneTranslationHandle.uasset" 939
"../../../Engine/Content/VREditor/TransformGizmo/PlaneTranslationHandle.uexp" 940
"../../../Engine/Content/VREditor/TransformGizmo/RotationHandleFull.ubulk" 941
"../../../Engine/Content/VREditor/TransformGizmo/RotationHandleFull.uasset" 942
"../../../Engine/Content/VREditor/TransformGizmo/RotationHandleFull.uexp" 943
"../../../Engine/Content/VREditor/TransformGizmo/RotationHandleIndicator.ubulk" 944
"../../../Engine/Content/VREditor/TransformGizmo/RotationHandleIndicator.uasset" 945
"../../../Engine/Content/VREditor/TransformGizmo/RotationHandleIndicator.uexp" 946
"../../../Engine/Content/VREditor/TransformGizmo/RotationHandleQuarter.ubulk" 947
"../../../Engine/Content/VREditor/TransformGizmo/RotationHandleQuarter.uasset" 948
"../../../Engine/Content/VREditor/TransformGizmo/RotationHandleQuarter.uexp" 949
"../../../Engine/Content/VREditor/TransformGizmo/StartRotationHandleIndicator.ubulk" 950
"../../../Engine/Content/VREditor/TransformGizmo/StartRotationHandleIndicator.uasset" 951
"../../../Engine/Content/VREditor/TransformGizmo/StartRotationHandleIndicator.uexp" 952
"../../../Engine/Content/VREditor/TransformGizmo/TransformGizmoFreeRotation.ubulk" 953
"../../../Engine/Content/VREditor/TransformGizmo/TransformGizmoFreeRotation.uasset" 954
"../../../Engine/Content/VREditor/TransformGizmo/TransformGizmoFreeRotation.uexp" 955
"../../../Engine/Content/VREditor/TransformGizmo/TranslateArrowHandle.ubulk" 956
"../../../Engine/Content/VREditor/TransformGizmo/TranslateArrowHandle.uasset" 957
"../../../Engine/Content/VREditor/TransformGizmo/TranslateArrowHandle.uexp" 958
"../../../Engine/Content/VREditor/TransformGizmo/UniformScaleHandle.ubulk" 959
"../../../Engine/Content/VREditor/TransformGizmo/UniformScaleHandle.uasset" 960
"../../../Engine/Content/VREditor/TransformGizmo/UniformScaleHandle.uexp" 961
"../../../Engine/Content/EngineResources/LandscapeVisibilityLayerInfo.uasset" 962
"../../../Engine/Content/EngineResources/LandscapeVisibilityLayerInfo.uexp" 963
"../../../Engine/Content/Maps/Entry_BuiltData.uasset" 964
"../../../Engine/Content/Maps/Entry_BuiltData.uexp" 965
"../../../Engine/Content/Maps/Entry.uexp" 966
"../../../Engine/Content/Maps/Entry.umap" 967
"../../../Engine/Content/BasicShapes/Cube.ubulk" 968
"../../../Engine/Content/BasicShapes/Cube.uasset" 969
"../../../Engine/Content/BasicShapes/Cube.uexp" 970
"../../../Engine/Content/BasicShapes/BasicShapeMaterial.uasset" 971
"../../../Engine/Content/BasicShapes/BasicShapeMaterial.uexp" 972
"../../../Engine/Content/MapTemplates/SM_Template_Map_Floor.ubulk" 973
"../../../Engine/Content/MapTemplates/SM_Template_Map_Floor.uasset" 974
"../../../Engine/Content/MapTemplates/SM_Template_Map_Floor.uexp" 975
"../../../Engine/Content/EngineSky/T_Sky_Stars.ubulk" 976
"../../../Engine/Content/EngineSky/T_Sky_Stars.uasset" 977
"../../../Engine/Content/EngineSky/T_Sky_Stars.uexp" 978
"../../../Engine/Content/EngineSky/T_Sky_Clouds_M.ubulk" 979
"../../../Engine/Content/EngineSky/T_Sky_Clouds_M.uasset" 980
"../../../Engine/Content/EngineSky/T_Sky_Clouds_M.uexp" 981
"../../../Engine/Content/EngineSky/T_Sky_Blue.ubulk" 982
"../../../Engine/Content/EngineSky/T_Sky_Blue.uasset" 983
"../../../Engine/Content/EngineSky/T_Sky_Blue.uexp" 984
"../../../Engine/Content/EngineSky/M_Sky_Panning_Clouds2.uasset" 985
"../../../Engine/Content/EngineSky/M_Sky_Panning_Clouds2.uexp" 986
"../../../Engine/Content/EngineSky/SM_SkySphere.ubulk" 987
"../../../Engine/Content/EngineSky/SM_SkySphere.uasset" 988
"../../../Engine/Content/EngineSky/SM_SkySphere.uexp" 989
"../../../Engine/Content/EngineSky/M_SimpleSkyDome.uasset" 990
"../../../Engine/Content/EngineSky/M_SimpleSkyDome.uexp" 991
"../../../Engine/Content/EngineSky/VolumetricClouds/VT_PerlinWorley_Balanced.uasset" 992
"../../../Engine/Content/EngineSky/VolumetricClouds/VT_PerlinWorley_Balanced.uexp" 993
"../../../Engine/Content/EngineSky/VolumetricClouds/T_Profile_08.ubulk" 994
"../../../Engine/Content/EngineSky/VolumetricClouds/T_Profile_08.uasset" 995
"../../../Engine/Content/EngineSky/VolumetricClouds/T_Profile_08.uexp" 996
"../../../Engine/Content/EngineSky/VolumetricClouds/T_CloudPattern.ubulk" 997
"../../../Engine/Content/EngineSky/VolumetricClouds/T_CloudPattern.uasset" 998
"../../../Engine/Content/EngineSky/VolumetricClouds/T_CloudPattern.uexp" 999
"../../../Engine/Content/EngineSky/VolumetricClouds/T_CloudMask.ubulk" 1000
"../../../Engine/Content/EngineSky/VolumetricClouds/T_CloudMask.uasset" 1001
"../../../Engine/Content/EngineSky/VolumetricClouds/T_CloudMask.uexp" 1002
"../../../Engine/Content/Functions/Engine_MaterialFunctions02/Utility/BreakOutFloat4Components.uasset" 1003
"../../../Engine/Content/Functions/Engine_MaterialFunctions02/Utility/BreakOutFloat4Components.uexp" 1004
"../../../Engine/Content/Functions/Engine_MaterialFunctions02/Utility/MakeFloat4.uasset" 1005
"../../../Engine/Content/Functions/Engine_MaterialFunctions02/Utility/MakeFloat4.uexp" 1006
"../../../Engine/Content/EngineResources/DefaultVolumeTexture2D.uasset" 1007
"../../../Engine/Content/EngineResources/DefaultVolumeTexture2D.uexp" 1008
"../../../Engine/Content/EngineResources/DefaultVolumeTexture.uasset" 1009
"../../../Engine/Content/EngineResources/DefaultVolumeTexture.uexp" 1010
"../../../Engine/Content/EngineSky/VolumetricClouds/VT_Lightning.uasset" 1011
"../../../Engine/Content/EngineSky/VolumetricClouds/VT_Lightning.uexp" 1012
"../../../Engine/Content/Functions/Engine_MaterialFunctions01/Units/Km-to-Cm.uasset" 1013
"../../../Engine/Content/Functions/Engine_MaterialFunctions01/Units/Km-to-Cm.uexp" 1014
"../../../Engine/Content/EngineSky/VolumetricClouds/m_SimpleVolumetricCloud.uasset" 1015
"../../../Engine/Content/EngineSky/VolumetricClouds/m_SimpleVolumetricCloud.uexp" 1016
"../../../Engine/Content/EngineSky/VolumetricClouds/m_SimpleVolumetricCloud_Inst.uasset" 1017
"../../../Engine/Content/EngineSky/VolumetricClouds/m_SimpleVolumetricCloud_Inst.uexp" 1018
"C:/UE5.6/GMTK/GMTK02/Content/VehicleTemplate/Blueprints/PM_Dirt.uasset" 1019
"C:/UE5.6/GMTK/GMTK02/Content/VehicleTemplate/Blueprints/PM_Dirt.uexp" 1020
"C:/UE5.6/GMTK/GMTK02/Content/VehicleTemplate/Blueprints/PM_Road.uasset" 1021
"C:/UE5.6/GMTK/GMTK02/Content/VehicleTemplate/Blueprints/PM_Road.uexp" 1022
"C:/UE5.6/GMTK/GMTK02/Content/VehicleTemplate/CUSTOMMATERIAL/PP_ToonShader.uasset" 1023
"C:/UE5.6/GMTK/GMTK02/Content/VehicleTemplate/CUSTOMMATERIAL/PP_ToonShader.uexp" 1024
"C:/UE5.6/GMTK/GMTK02/Content/VehicleTemplate/UI/C_VictoryStateTextFade.uasset" 1025
"C:/UE5.6/GMTK/GMTK02/Content/VehicleTemplate/UI/C_VictoryStateTextFade.uexp" 1026
"C:/UE5.6/GMTK/GMTK02/Content/VehicleTemplate/UI/UI_Vehicle.uasset" 1027
"C:/UE5.6/GMTK/GMTK02/Content/VehicleTemplate/UI/UI_Vehicle.uexp" 1028
"C:/UE5.6/GMTK/GMTK02/Content/VehicleTemplate/Input/Actions/IA_Brake.uasset" 1029
"C:/UE5.6/GMTK/GMTK02/Content/VehicleTemplate/Input/Actions/IA_Brake.uexp" 1030
"C:/UE5.6/GMTK/GMTK02/Content/VehicleTemplate/Input/Actions/IA_Steering.uasset" 1031
"C:/UE5.6/GMTK/GMTK02/Content/VehicleTemplate/Input/Actions/IA_Steering.uexp" 1032
"C:/UE5.6/GMTK/GMTK02/Content/VehicleTemplate/Input/Actions/IA_Throttle.uasset" 1033
"C:/UE5.6/GMTK/GMTK02/Content/VehicleTemplate/Input/Actions/IA_Throttle.uexp" 1034
"C:/UE5.6/GMTK/GMTK02/Content/VehicleTemplate/Input/Actions/IA_ToggleCamera.uasset" 1035
"C:/UE5.6/GMTK/GMTK02/Content/VehicleTemplate/Input/Actions/IA_ToggleCamera.uexp" 1036
"C:/UE5.6/GMTK/GMTK02/Content/VehicleTemplate/Input/Actions/IA_Reset.uasset" 1037
"C:/UE5.6/GMTK/GMTK02/Content/VehicleTemplate/Input/Actions/IA_Reset.uexp" 1038
"C:/UE5.6/GMTK/GMTK02/Content/VehicleTemplate/Input/Actions/IA_LookAround.uasset" 1039
"C:/UE5.6/GMTK/GMTK02/Content/VehicleTemplate/Input/Actions/IA_LookAround.uexp" 1040
"C:/UE5.6/GMTK/GMTK02/Content/VehicleTemplate/Input/Actions/IA_Headlights.uasset" 1041
"C:/UE5.6/GMTK/GMTK02/Content/VehicleTemplate/Input/Actions/IA_Headlights.uexp" 1042
"C:/UE5.6/GMTK/GMTK02/Content/VehicleTemplate/Input/Actions/IA_Handbrake.uasset" 1043
"C:/UE5.6/GMTK/GMTK02/Content/VehicleTemplate/Input/Actions/IA_Handbrake.uexp" 1044
"C:/UE5.6/GMTK/GMTK02/Content/VehicleTemplate/Input/IMC_VehiculeDefault.uasset" 1045
"C:/UE5.6/GMTK/GMTK02/Content/VehicleTemplate/Input/IMC_VehiculeDefault.uexp" 1046
"C:/UE5.6/GMTK/GMTK02/Content/VehicleTemplate/Input/Actions/IA_Turbo.uasset" 1047
"C:/UE5.6/GMTK/GMTK02/Content/VehicleTemplate/Input/Actions/IA_Turbo.uexp" 1048
"C:/UE5.6/GMTK/GMTK02/Content/VehicleTemplate/Input/IMC_TurboContext.uasset" 1049
"C:/UE5.6/GMTK/GMTK02/Content/VehicleTemplate/Input/IMC_TurboContext.uexp" 1050
"C:/UE5.6/GMTK/GMTK02/Content/VehicleTemplate/UI/crosshair.uasset" 1051
"C:/UE5.6/GMTK/GMTK02/Content/VehicleTemplate/UI/crosshair.uexp" 1052
"C:/UE5.6/GMTK/GMTK02/Content/VehicleTemplate/Blueprints/UpgradeTypeStat.uasset" 1053
"C:/UE5.6/GMTK/GMTK02/Content/VehicleTemplate/Blueprints/UpgradeTypeStat.uexp" 1054
"../../../Engine/Content/EditorResources/Ai_Spawnpoint.ubulk" 1055
"../../../Engine/Content/EditorResources/Ai_Spawnpoint.uasset" 1056
"../../../Engine/Content/EditorResources/Ai_Spawnpoint.uexp" 1057
"C:/UE5.6/GMTK/GMTK02/Content/VehicleTemplate/Input/Actions/IA_CarJump.uasset" 1058
"C:/UE5.6/GMTK/GMTK02/Content/VehicleTemplate/Input/Actions/IA_CarJump.uexp" 1059
"C:/UE5.6/GMTK/GMTK02/Content/VehicleTemplate/Input/IMC_JumpContext.uasset" 1060
"C:/UE5.6/GMTK/GMTK02/Content/VehicleTemplate/Input/IMC_JumpContext.uexp" 1061
"C:/UE5.6/GMTK/GMTK02/Content/VehicleTemplate/Blueprints/ItemType.uasset" 1062
"C:/UE5.6/GMTK/GMTK02/Content/VehicleTemplate/Blueprints/ItemType.uexp" 1063
"C:/UE5.6/GMTK/GMTK02/Content/VehicleTemplate/Blueprints/WBP_Item.uasset" 1064
"C:/UE5.6/GMTK/GMTK02/Content/VehicleTemplate/Blueprints/WBP_Item.uexp" 1065
"C:/UE5.6/GMTK/GMTK02/Content/VehicleTemplate/Blueprints/S_ShopValues.uasset" 1066
"C:/UE5.6/GMTK/GMTK02/Content/VehicleTemplate/Blueprints/S_ShopValues.uexp" 1067
"C:/UE5.6/GMTK/GMTK02/Content/VehicleTemplate/Blueprints/BPC_ShopComponent.uasset" 1068
"C:/UE5.6/GMTK/GMTK02/Content/VehicleTemplate/Blueprints/BPC_ShopComponent.uexp" 1069
"C:/UE5.6/GMTK/GMTK02/Content/VehicleTemplate/Blueprints/WBP_ProgressBarUpgrade.uasset" 1070
"C:/UE5.6/GMTK/GMTK02/Content/VehicleTemplate/Blueprints/WBP_ProgressBarUpgrade.uexp" 1071
"C:/UE5.6/GMTK/GMTK02/Content/ART/PNG/Jump.uasset" 1072
"C:/UE5.6/GMTK/GMTK02/Content/ART/PNG/Jump.uexp" 1073
"C:/UE5.6/GMTK/GMTK02/Content/ART/PNG/Arme.uasset" 1074
"C:/UE5.6/GMTK/GMTK02/Content/ART/PNG/Arme.uexp" 1075
"C:/UE5.6/GMTK/GMTK02/Content/ART/PNG/Acceleration_.uasset" 1076
"C:/UE5.6/GMTK/GMTK02/Content/ART/PNG/Acceleration_.uexp" 1077
"C:/UE5.6/GMTK/GMTK02/Content/VehicleTemplate/Blueprints/WBP_ShopUI.uasset" 1078
"C:/UE5.6/GMTK/GMTK02/Content/VehicleTemplate/Blueprints/WBP_ShopUI.uexp" 1079
"C:/UE5.6/GMTK/GMTK02/Content/VehicleTemplate/Vehicles/SportsCar/SK_SportsCar.uasset" 1080
"C:/UE5.6/GMTK/GMTK02/Content/VehicleTemplate/Vehicles/SportsCar/SK_SportsCar.uexp" 1081
"C:/UE5.6/GMTK/GMTK02/Content/VehicleTemplate/Vehicles/SportsCar/PA_SportsCar.uasset" 1082
"C:/UE5.6/GMTK/GMTK02/Content/VehicleTemplate/Vehicles/SportsCar/PA_SportsCar.uexp" 1083
"C:/UE5.6/GMTK/GMTK02/Content/VehicleTemplate/Vehicles/SportsCar/SKM_SportsCar.uasset" 1084
"C:/UE5.6/GMTK/GMTK02/Content/VehicleTemplate/Vehicles/SportsCar/SKM_SportsCar.uexp" 1085
"../../../Engine/Plugins/Animation/ControlRig/Content/Controls/DefaultGizmoLibraryNormalized.uasset" 1086
"../../../Engine/Plugins/Animation/ControlRig/Content/Controls/DefaultGizmoLibraryNormalized.uexp" 1087
"C:/UE5.6/GMTK/GMTK02/Content/VehicleTemplate/Vehicles/SportsCar/CtrlRig_SportsCar.uasset" 1088
"C:/UE5.6/GMTK/GMTK02/Content/VehicleTemplate/Vehicles/SportsCar/CtrlRig_SportsCar.uexp" 1089
"C:/UE5.6/GMTK/GMTK02/Content/VehicleTemplate/Vehicles/SportsCar/ABP_SportsCar.uasset" 1090
"C:/UE5.6/GMTK/GMTK02/Content/VehicleTemplate/Vehicles/SportsCar/ABP_SportsCar.uexp" 1091
"C:/UE5.6/GMTK/GMTK02/Content/VehicleTemplate/Input/BPI_TouchInterface_Vehicle.uasset" 1092
"C:/UE5.6/GMTK/GMTK02/Content/VehicleTemplate/Input/BPI_TouchInterface_Vehicle.uexp" 1093
"C:/UE5.6/GMTK/GMTK02/Content/VehicleTemplate/UI/WBP_ShootingHUD.uasset" 1094
"C:/UE5.6/GMTK/GMTK02/Content/VehicleTemplate/UI/WBP_ShootingHUD.uexp" 1095
"C:/UE5.6/GMTK/GMTK02/Content/VehicleTemplate/Input/Actions/IA_SecondaryShoot.uasset" 1096
"C:/UE5.6/GMTK/GMTK02/Content/VehicleTemplate/Input/Actions/IA_SecondaryShoot.uexp" 1097
"C:/UE5.6/GMTK/GMTK02/Content/VehicleTemplate/Input/Actions/IA_PrimaryShoot.uasset" 1098
"C:/UE5.6/GMTK/GMTK02/Content/VehicleTemplate/Input/Actions/IA_PrimaryShoot.uexp" 1099
"C:/UE5.6/GMTK/GMTK02/Content/VehicleTemplate/Blueprints/Obstacles/Destructibles/E_DestructorType.uasset" 1100
"C:/UE5.6/GMTK/GMTK02/Content/VehicleTemplate/Blueprints/Obstacles/Destructibles/E_DestructorType.uexp" 1101
"C:/UE5.6/GMTK/GMTK02/Content/VehicleTemplate/Blueprints/Obstacles/Destructibles/BP_Destructible.uasset" 1102
"C:/UE5.6/GMTK/GMTK02/Content/VehicleTemplate/Blueprints/Obstacles/Destructibles/BP_Destructible.uexp" 1103
"C:/UE5.6/GMTK/GMTK02/Content/StarterContent/Textures/T_Smoke_Tiled_D.ubulk" 1104
"C:/UE5.6/GMTK/GMTK02/Content/StarterContent/Textures/T_Smoke_Tiled_D.uasset" 1105
"C:/UE5.6/GMTK/GMTK02/Content/StarterContent/Textures/T_Smoke_Tiled_D.uexp" 1106
"C:/UE5.6/GMTK/GMTK02/Content/StarterContent/Textures/T_Smoke_SubUV.ubulk" 1107
"C:/UE5.6/GMTK/GMTK02/Content/StarterContent/Textures/T_Smoke_SubUV.uasset" 1108
"C:/UE5.6/GMTK/GMTK02/Content/StarterContent/Textures/T_Smoke_SubUV.uexp" 1109
"C:/UE5.6/GMTK/GMTK02/Content/StarterContent/Particles/Materials/M_smoke_subUV.uasset" 1110
"C:/UE5.6/GMTK/GMTK02/Content/StarterContent/Particles/Materials/M_smoke_subUV.uexp" 1111
"../../../Engine/Content/Functions/Engine_MaterialFunctions01/Gradient/RadialGradient.uasset" 1112
"../../../Engine/Content/Functions/Engine_MaterialFunctions01/Gradient/RadialGradient.uexp" 1113
"C:/UE5.6/GMTK/GMTK02/Content/StarterContent/Particles/Materials/M_radial_ramp.uasset" 1114
"C:/UE5.6/GMTK/GMTK02/Content/StarterContent/Particles/Materials/M_radial_ramp.uexp" 1115
"C:/UE5.6/GMTK/GMTK02/Content/StarterContent/Particles/Materials/m_flare_01.uasset" 1116
"C:/UE5.6/GMTK/GMTK02/Content/StarterContent/Particles/Materials/m_flare_01.uexp" 1117
"C:/UE5.6/GMTK/GMTK02/Content/StarterContent/Textures/T_Explosion_SubUV.ubulk" 1118
"C:/UE5.6/GMTK/GMTK02/Content/StarterContent/Textures/T_Explosion_SubUV.uasset" 1119
"C:/UE5.6/GMTK/GMTK02/Content/StarterContent/Textures/T_Explosion_SubUV.uexp" 1120
"C:/UE5.6/GMTK/GMTK02/Content/StarterContent/Particles/Materials/M_explosion_subUV.uasset" 1121
"C:/UE5.6/GMTK/GMTK02/Content/StarterContent/Particles/Materials/M_explosion_subUV.uexp" 1122
"C:/UE5.6/GMTK/GMTK02/Content/StarterContent/Textures/T_Burst_M.ubulk" 1123
"C:/UE5.6/GMTK/GMTK02/Content/StarterContent/Textures/T_Burst_M.uasset" 1124
"C:/UE5.6/GMTK/GMTK02/Content/StarterContent/Textures/T_Burst_M.uexp" 1125
"C:/UE5.6/GMTK/GMTK02/Content/StarterContent/Particles/Materials/M_Burst.uasset" 1126
"C:/UE5.6/GMTK/GMTK02/Content/StarterContent/Particles/Materials/M_Burst.uexp" 1127
"C:/UE5.6/GMTK/GMTK02/Content/StarterContent/Particles/P_Explosion.uasset" 1128
"C:/UE5.6/GMTK/GMTK02/Content/StarterContent/Particles/P_Explosion.uexp" 1129
"C:/UE5.6/GMTK/GMTK02/Content/ART/MAT/TrimSheet/PNG_TrimSheet_GMTK_01.ubulk" 1130
"C:/UE5.6/GMTK/GMTK02/Content/ART/MAT/TrimSheet/PNG_TrimSheet_GMTK_01.uasset" 1131
"C:/UE5.6/GMTK/GMTK02/Content/ART/MAT/TrimSheet/PNG_TrimSheet_GMTK_01.uexp" 1132
"C:/UE5.6/GMTK/GMTK02/Content/ART/MAT/TrimSheet/MAT_TrimSheet_GMTK_01.uasset" 1133
"C:/UE5.6/GMTK/GMTK02/Content/ART/MAT/TrimSheet/MAT_TrimSheet_GMTK_01.uexp" 1134
"C:/UE5.6/GMTK/GMTK02/Content/VehicleTemplate/Blueprints/OffroadCar/standardSurface11.uasset" 1135
"C:/UE5.6/GMTK/GMTK02/Content/VehicleTemplate/Blueprints/OffroadCar/standardSurface11.uexp" 1136
"C:/UE5.6/GMTK/GMTK02/Content/VehicleTemplate/Blueprints/OffroadCar/missile_001.ubulk" 1137
"C:/UE5.6/GMTK/GMTK02/Content/VehicleTemplate/Blueprints/OffroadCar/missile_001.uasset" 1138
"C:/UE5.6/GMTK/GMTK02/Content/VehicleTemplate/Blueprints/OffroadCar/missile_001.uexp" 1139
"C:/UE5.6/GMTK/GMTK02/Content/VehicleTemplate/Blueprints/BP_Projectile.uasset" 1140
"C:/UE5.6/GMTK/GMTK02/Content/VehicleTemplate/Blueprints/BP_Projectile.uexp" 1141
"C:/UE5.6/GMTK/GMTK02/Content/VehicleTemplate/Blueprints/BPC_VehiculeWeaponManager.uasset" 1142
"C:/UE5.6/GMTK/GMTK02/Content/VehicleTemplate/Blueprints/BPC_VehiculeWeaponManager.uexp" 1143
"C:/UE5.6/GMTK/GMTK02/Content/VehicleTemplate/Blueprints/SportsCar/SportsCar_WheelsRear.uasset" 1144
"C:/UE5.6/GMTK/GMTK02/Content/VehicleTemplate/Blueprints/SportsCar/SportsCar_WheelsRear.uexp" 1145
"C:/UE5.6/GMTK/GMTK02/Content/VehicleTemplate/Blueprints/SportsCar/SportsCar_WheelsFront.uasset" 1146
"C:/UE5.6/GMTK/GMTK02/Content/VehicleTemplate/Blueprints/SportsCar/SportsCar_WheelsFront.uexp" 1147
"C:/UE5.6/GMTK/GMTK02/Content/VehicleTemplate/Blueprints/SportsCar/FC_Torque_SportsCar.uasset" 1148
"C:/UE5.6/GMTK/GMTK02/Content/VehicleTemplate/Blueprints/SportsCar/FC_Torque_SportsCar.uexp" 1149
"C:/UE5.6/GMTK/GMTK02/Content/VehicleTemplate/Blueprints/BP_P_Vehicle.uasset" 1150
"C:/UE5.6/GMTK/GMTK02/Content/VehicleTemplate/Blueprints/BP_P_Vehicle.uexp" 1151
"C:/UE5.6/GMTK/GMTK02/Content/VehicleTemplate/Blueprints/BP_PC_Vehicle.uasset" 1152
"C:/UE5.6/GMTK/GMTK02/Content/VehicleTemplate/Blueprints/BP_PC_Vehicle.uexp" 1153
"C:/UE5.6/GMTK/GMTK02/Content/VehicleTemplate/Vehicles/OffroadCar/Materials/Textures/T_OffroadCar_Wheels_RMA.ubulk" 1154
"C:/UE5.6/GMTK/GMTK02/Content/VehicleTemplate/Vehicles/OffroadCar/Materials/Textures/T_OffroadCar_Wheels_RMA.uasset" 1155
"C:/UE5.6/GMTK/GMTK02/Content/VehicleTemplate/Vehicles/OffroadCar/Materials/Textures/T_OffroadCar_Wheels_RMA.uexp" 1156
"C:/UE5.6/GMTK/GMTK02/Content/VehicleTemplate/Vehicles/OffroadCar/Materials/Textures/T_OffroadCar_Wheels_D.ubulk" 1157
"C:/UE5.6/GMTK/GMTK02/Content/VehicleTemplate/Vehicles/OffroadCar/Materials/Textures/T_OffroadCar_Wheels_D.uasset" 1158
"C:/UE5.6/GMTK/GMTK02/Content/VehicleTemplate/Vehicles/OffroadCar/Materials/Textures/T_OffroadCar_Wheels_D.uexp" 1159
"C:/UE5.6/GMTK/GMTK02/Content/VehicleTemplate/Vehicles/OffroadCar/Materials/Textures/T_OffroadCar_Wheels_N.ubulk" 1160
"C:/UE5.6/GMTK/GMTK02/Content/VehicleTemplate/Vehicles/OffroadCar/Materials/Textures/T_OffroadCar_Wheels_N.uasset" 1161
"C:/UE5.6/GMTK/GMTK02/Content/VehicleTemplate/Vehicles/OffroadCar/Materials/Textures/T_OffroadCar_Wheels_N.uexp" 1162
"C:/UE5.6/GMTK/GMTK02/Content/VehicleTemplate/Vehicles/OffroadCar/Materials/M_OffroadCar_Wheel.uasset" 1163
"C:/UE5.6/GMTK/GMTK02/Content/VehicleTemplate/Vehicles/OffroadCar/Materials/M_OffroadCar_Wheel.uexp" 1164
"C:/UE5.6/GMTK/GMTK02/Content/VehicleTemplate/Vehicles/OffroadCar/SM_Offroad_Tire.ubulk" 1165
"C:/UE5.6/GMTK/GMTK02/Content/VehicleTemplate/Vehicles/OffroadCar/SM_Offroad_Tire.uasset" 1166
"C:/UE5.6/GMTK/GMTK02/Content/VehicleTemplate/Vehicles/OffroadCar/SM_Offroad_Tire.uexp" 1167
"C:/UE5.6/GMTK/GMTK02/Content/VehicleTemplate/Vehicles/SportsCar/Materials/Textures/T_SportsCar_Body_BotN.ubulk" 1168
"C:/UE5.6/GMTK/GMTK02/Content/VehicleTemplate/Vehicles/SportsCar/Materials/Textures/T_SportsCar_Body_BotN.uasset" 1169
"C:/UE5.6/GMTK/GMTK02/Content/VehicleTemplate/Vehicles/SportsCar/Materials/Textures/T_SportsCar_Body_BotN.uexp" 1170
"C:/UE5.6/GMTK/GMTK02/Content/VehicleTemplate/Vehicles/SportsCar/Materials/Textures/T_SportsCar_Body_D.ubulk" 1171
"C:/UE5.6/GMTK/GMTK02/Content/VehicleTemplate/Vehicles/SportsCar/Materials/Textures/T_SportsCar_Body_D.uasset" 1172
"C:/UE5.6/GMTK/GMTK02/Content/VehicleTemplate/Vehicles/SportsCar/Materials/Textures/T_SportsCar_Body_D.uexp" 1173
"C:/UE5.6/GMTK/GMTK02/Content/VehicleTemplate/Vehicles/SportsCar/Materials/Textures/T_SportsCar_Body_MRA.ubulk" 1174
"C:/UE5.6/GMTK/GMTK02/Content/VehicleTemplate/Vehicles/SportsCar/Materials/Textures/T_SportsCar_Body_MRA.uasset" 1175
"C:/UE5.6/GMTK/GMTK02/Content/VehicleTemplate/Vehicles/SportsCar/Materials/Textures/T_SportsCar_Body_MRA.uexp" 1176
"C:/UE5.6/GMTK/GMTK02/Content/VehicleTemplate/Vehicles/SportsCar/Materials/M_SportsCarBase.uasset" 1177
"C:/UE5.6/GMTK/GMTK02/Content/VehicleTemplate/Vehicles/SportsCar/Materials/M_SportsCarBase.uexp" 1178
"C:/UE5.6/GMTK/GMTK02/Content/VehicleTemplate/Vehicles/OffroadCar/Materials/Textures/T_OffroadCar_Sus_D.ubulk" 1179
"C:/UE5.6/GMTK/GMTK02/Content/VehicleTemplate/Vehicles/OffroadCar/Materials/Textures/T_OffroadCar_Sus_D.uasset" 1180
"C:/UE5.6/GMTK/GMTK02/Content/VehicleTemplate/Vehicles/OffroadCar/Materials/Textures/T_OffroadCar_Sus_D.uexp" 1181
"C:/UE5.6/GMTK/GMTK02/Content/VehicleTemplate/Vehicles/OffroadCar/Materials/Textures/T_OffroadCar_Sus_MRA.ubulk" 1182
"C:/UE5.6/GMTK/GMTK02/Content/VehicleTemplate/Vehicles/OffroadCar/Materials/Textures/T_OffroadCar_Sus_MRA.uasset" 1183
"C:/UE5.6/GMTK/GMTK02/Content/VehicleTemplate/Vehicles/OffroadCar/Materials/Textures/T_OffroadCar_Sus_MRA.uexp" 1184
"C:/UE5.6/GMTK/GMTK02/Content/VehicleTemplate/Vehicles/OffroadCar/Materials/Textures/T_OffroadCar_Sus_N.ubulk" 1185
"C:/UE5.6/GMTK/GMTK02/Content/VehicleTemplate/Vehicles/OffroadCar/Materials/Textures/T_OffroadCar_Sus_N.uasset" 1186
"C:/UE5.6/GMTK/GMTK02/Content/VehicleTemplate/Vehicles/OffroadCar/Materials/Textures/T_OffroadCar_Sus_N.uexp" 1187
"C:/UE5.6/GMTK/GMTK02/Content/VehicleTemplate/Vehicles/OffroadCar/Materials/MI_OffroadCar_Suspension.uasset" 1188
"C:/UE5.6/GMTK/GMTK02/Content/VehicleTemplate/Vehicles/OffroadCar/Materials/MI_OffroadCar_Suspension.uexp" 1189
"C:/UE5.6/GMTK/GMTK02/Content/VehicleTemplate/Vehicles/OffroadCar/Materials/Textures/T_OffroadCar_Body_D.ubulk" 1190
"C:/UE5.6/GMTK/GMTK02/Content/VehicleTemplate/Vehicles/OffroadCar/Materials/Textures/T_OffroadCar_Body_D.uasset" 1191
"C:/UE5.6/GMTK/GMTK02/Content/VehicleTemplate/Vehicles/OffroadCar/Materials/Textures/T_OffroadCar_Body_D.uexp" 1192
"C:/UE5.6/GMTK/GMTK02/Content/VehicleTemplate/Vehicles/OffroadCar/Materials/Textures/T_Offroad_Body_N.ubulk" 1193
"C:/UE5.6/GMTK/GMTK02/Content/VehicleTemplate/Vehicles/OffroadCar/Materials/Textures/T_Offroad_Body_N.uasset" 1194
"C:/UE5.6/GMTK/GMTK02/Content/VehicleTemplate/Vehicles/OffroadCar/Materials/Textures/T_Offroad_Body_N.uexp" 1195
"C:/UE5.6/GMTK/GMTK02/Content/VehicleTemplate/Vehicles/OffroadCar/Materials/Textures/T_OffroadCar_Body_MRA.ubulk" 1196
"C:/UE5.6/GMTK/GMTK02/Content/VehicleTemplate/Vehicles/OffroadCar/Materials/Textures/T_OffroadCar_Body_MRA.uasset" 1197
"C:/UE5.6/GMTK/GMTK02/Content/VehicleTemplate/Vehicles/OffroadCar/Materials/Textures/T_OffroadCar_Body_MRA.uexp" 1198
"C:/UE5.6/GMTK/GMTK02/Content/VehicleTemplate/Vehicles/OffroadCar/Materials/MI_OffroadCar_Main.uasset" 1199
"C:/UE5.6/GMTK/GMTK02/Content/VehicleTemplate/Vehicles/OffroadCar/Materials/MI_OffroadCar_Main.uexp" 1200
"C:/UE5.6/GMTK/GMTK02/Content/VehicleTemplate/Vehicles/OffroadCar/SKM_Offroad_Skeleton.uasset" 1201
"C:/UE5.6/GMTK/GMTK02/Content/VehicleTemplate/Vehicles/OffroadCar/SKM_Offroad_Skeleton.uexp" 1202
"C:/UE5.6/GMTK/GMTK02/Content/VehicleTemplate/Vehicles/OffroadCar/SKM_Offroad_PhysicsAsset.uasset" 1203
"C:/UE5.6/GMTK/GMTK02/Content/VehicleTemplate/Vehicles/OffroadCar/SKM_Offroad_PhysicsAsset.uexp" 1204
"C:/UE5.6/GMTK/GMTK02/Content/VehicleTemplate/Vehicles/OffroadCar/Materials/MI_OffroadCar_Wheel.uasset" 1205
"C:/UE5.6/GMTK/GMTK02/Content/VehicleTemplate/Vehicles/OffroadCar/Materials/MI_OffroadCar_Wheel.uexp" 1206
"C:/UE5.6/GMTK/GMTK02/Content/VehicleTemplate/Vehicles/OffroadCar/SKM_Offroad.uasset" 1207
"C:/UE5.6/GMTK/GMTK02/Content/VehicleTemplate/Vehicles/OffroadCar/SKM_Offroad.uexp" 1208
"C:/UE5.6/GMTK/GMTK02/Content/VehicleTemplate/Vehicles/OffroadCar/Offroad_CtrlRig.uasset" 1209
"C:/UE5.6/GMTK/GMTK02/Content/VehicleTemplate/Vehicles/OffroadCar/Offroad_CtrlRig.uexp" 1210
"C:/UE5.6/GMTK/GMTK02/Content/VehicleTemplate/Vehicles/OffroadCar/Offroad_AnimBP.uasset" 1211
"C:/UE5.6/GMTK/GMTK02/Content/VehicleTemplate/Vehicles/OffroadCar/Offroad_AnimBP.uexp" 1212
"C:/UE5.6/GMTK/GMTK02/Content/VehicleTemplate/Blueprints/OffroadCar/OffroadCar_WheelsRear.uasset" 1213
"C:/UE5.6/GMTK/GMTK02/Content/VehicleTemplate/Blueprints/OffroadCar/OffroadCar_WheelsRear.uexp" 1214
"C:/UE5.6/GMTK/GMTK02/Content/VehicleTemplate/Blueprints/OffroadCar/OffroadCar_WheelsFront.uasset" 1215
"C:/UE5.6/GMTK/GMTK02/Content/VehicleTemplate/Blueprints/OffroadCar/OffroadCar_WheelsFront.uexp" 1216
"C:/UE5.6/GMTK/GMTK02/Content/VehicleTemplate/Blueprints/OffroadCar/car_bone_001_Skeleton.uasset" 1217
"C:/UE5.6/GMTK/GMTK02/Content/VehicleTemplate/Blueprints/OffroadCar/car_bone_001_Skeleton.uexp" 1218
"C:/UE5.6/GMTK/GMTK02/Content/VehicleTemplate/Blueprints/OffroadCar/car_bone_001_PhysicsAsset.uasset" 1219
"C:/UE5.6/GMTK/GMTK02/Content/VehicleTemplate/Blueprints/OffroadCar/car_bone_001_PhysicsAsset.uexp" 1220
"C:/UE5.6/GMTK/GMTK02/Content/VehicleTemplate/Blueprints/OffroadCar/car_bone_001.uasset" 1221
"C:/UE5.6/GMTK/GMTK02/Content/VehicleTemplate/Blueprints/OffroadCar/car_bone_001.uexp" 1222
"C:/UE5.6/GMTK/GMTK02/Content/VehicleTemplate/Blueprints/OffroadCar/BP_P_Offroad.uasset" 1223
"C:/UE5.6/GMTK/GMTK02/Content/VehicleTemplate/Blueprints/OffroadCar/BP_P_Offroad.uexp" 1224
"C:/UE5.6/GMTK/GMTK02/Content/MAIN/BP/GMTKCar_WheelsRear.uasset" 1225
"C:/UE5.6/GMTK/GMTK02/Content/MAIN/BP/GMTKCar_WheelsRear.uexp" 1226
"C:/UE5.6/GMTK/GMTK02/Content/MAIN/BP/GMTKCar_WheelsFront.uasset" 1227
"C:/UE5.6/GMTK/GMTK02/Content/MAIN/BP/GMTKCar_WheelsFront.uexp" 1228
"C:/UE5.6/GMTK/GMTK02/Content/MAIN/BP/BP_GMTK_Vehicule.uasset" 1229
"C:/UE5.6/GMTK/GMTK02/Content/MAIN/BP/BP_GMTK_Vehicule.uexp" 1230
"C:/UE5.6/GMTK/GMTK02/Content/VehicleTemplate/Blueprints/BP_GM_VehicleBasic.uasset" 1231
"C:/UE5.6/GMTK/GMTK02/Content/VehicleTemplate/Blueprints/BP_GM_VehicleBasic.uexp" 1232
"C:/UE5.6/GMTK/GMTK02/Content/VehicleTemplate/Blueprints/BP_ShopZone.uasset" 1233
"C:/UE5.6/GMTK/GMTK02/Content/VehicleTemplate/Blueprints/BP_ShopZone.uexp" 1234
"C:/UE5.6/GMTK/GMTK02/Content/VehicleTemplate/Materials/M_TintCol.uasset" 1235
"C:/UE5.6/GMTK/GMTK02/Content/VehicleTemplate/Materials/M_TintCol.uexp" 1236
"C:/UE5.6/GMTK/GMTK02/Content/VehicleTemplate/Meshes/SM_Tunnel.ubulk" 1237
"C:/UE5.6/GMTK/GMTK02/Content/VehicleTemplate/Meshes/SM_Tunnel.uasset" 1238
"C:/UE5.6/GMTK/GMTK02/Content/VehicleTemplate/Meshes/SM_Tunnel.uexp" 1239
"C:/UE5.6/GMTK/GMTK02/Content/VehicleTemplate/Blueprints/TimeGates/BP_TimeGates.uasset" 1240
"C:/UE5.6/GMTK/GMTK02/Content/VehicleTemplate/Blueprints/TimeGates/BP_TimeGates.uexp" 1241
"C:/UE5.6/GMTK/GMTK02/Content/VehicleTemplate/Blueprints/TimeGates/BP_FinishTimeGates.uasset" 1242
"C:/UE5.6/GMTK/GMTK02/Content/VehicleTemplate/Blueprints/TimeGates/BP_FinishTimeGates.uexp" 1243
"C:/UE5.6/GMTK/GMTK02/Content/VehicleTemplate/Blueprints/TimeGates/BP_IntermidiateGate.uasset" 1244
"C:/UE5.6/GMTK/GMTK02/Content/VehicleTemplate/Blueprints/TimeGates/BP_IntermidiateGate.uexp" 1245
"C:/UE5.6/GMTK/GMTK02/Content/VehicleTemplate/Blueprints/TimeGates/BP_StartTimeGates.uasset" 1246
"C:/UE5.6/GMTK/GMTK02/Content/VehicleTemplate/Blueprints/TimeGates/BP_StartTimeGates.uexp" 1247
"C:/UE5.6/GMTK/GMTK02/Content/StarterContent/Materials/M_Basic_Wall.uasset" 1248
"C:/UE5.6/GMTK/GMTK02/Content/StarterContent/Materials/M_Basic_Wall.uexp" 1249
"C:/UE5.6/GMTK/GMTK02/Content/StarterContent/Architecture/Wall_Window_400x400.ubulk" 1250
"C:/UE5.6/GMTK/GMTK02/Content/StarterContent/Architecture/Wall_Window_400x400.uasset" 1251
"C:/UE5.6/GMTK/GMTK02/Content/StarterContent/Architecture/Wall_Window_400x400.uexp" 1252
"C:/UE5.6/GMTK/GMTK02/Content/StarterContent/Architecture/Wall_Door_400x400.ubulk" 1253
"C:/UE5.6/GMTK/GMTK02/Content/StarterContent/Architecture/Wall_Door_400x400.uasset" 1254
"C:/UE5.6/GMTK/GMTK02/Content/StarterContent/Architecture/Wall_Door_400x400.uexp" 1255
"C:/UE5.6/GMTK/GMTK02/Content/StarterContent/Architecture/Wall_400x400.ubulk" 1256
"C:/UE5.6/GMTK/GMTK02/Content/StarterContent/Architecture/Wall_400x400.uasset" 1257
"C:/UE5.6/GMTK/GMTK02/Content/StarterContent/Architecture/Wall_400x400.uexp" 1258
"C:/UE5.6/GMTK/GMTK02/Content/VehicleTemplate/Blueprints/Collectibles/BP_Collectibles.uasset" 1259
"C:/UE5.6/GMTK/GMTK02/Content/VehicleTemplate/Blueprints/Collectibles/BP_Collectibles.uexp" 1260
"C:/UE5.6/GMTK/GMTK02/Content/ART/MESH/Mesh_Xylophone_01.ubulk" 1261
"C:/UE5.6/GMTK/GMTK02/Content/ART/MESH/Mesh_Xylophone_01.uasset" 1262
"C:/UE5.6/GMTK/GMTK02/Content/ART/MESH/Mesh_Xylophone_01.uexp" 1263
"C:/UE5.6/GMTK/GMTK02/Content/ART/MESH/Mesh_WoodTrain_Rail_02.ubulk" 1264
"C:/UE5.6/GMTK/GMTK02/Content/ART/MESH/Mesh_WoodTrain_Rail_02.uasset" 1265
"C:/UE5.6/GMTK/GMTK02/Content/ART/MESH/Mesh_WoodTrain_Rail_02.uexp" 1266
"C:/UE5.6/GMTK/GMTK02/Content/ART/MESH/Mesh_WoodTrain_Rail_01.ubulk" 1267
"C:/UE5.6/GMTK/GMTK02/Content/ART/MESH/Mesh_WoodTrain_Rail_01.uasset" 1268
"C:/UE5.6/GMTK/GMTK02/Content/ART/MESH/Mesh_WoodTrain_Rail_01.uexp" 1269
"C:/UE5.6/GMTK/GMTK02/Content/ART/MESH/Mesh_WoodTrain_01.ubulk" 1270
"C:/UE5.6/GMTK/GMTK02/Content/ART/MESH/Mesh_WoodTrain_01.uasset" 1271
"C:/UE5.6/GMTK/GMTK02/Content/ART/MESH/Mesh_WoodTrain_01.uexp" 1272
"C:/UE5.6/GMTK/GMTK02/Content/ART/MESH/Mesh_Window_01.ubulk" 1273
"C:/UE5.6/GMTK/GMTK02/Content/ART/MESH/Mesh_Window_01.uasset" 1274
"C:/UE5.6/GMTK/GMTK02/Content/ART/MESH/Mesh_Window_01.uexp" 1275
"C:/UE5.6/GMTK/GMTK02/Content/ART/MESH/Mesh_WallDetails_02.ubulk" 1276
"C:/UE5.6/GMTK/GMTK02/Content/ART/MESH/Mesh_WallDetails_02.uasset" 1277
"C:/UE5.6/GMTK/GMTK02/Content/ART/MESH/Mesh_WallDetails_02.uexp" 1278
"C:/UE5.6/GMTK/GMTK02/Content/ART/MESH/Mesh_WallDetails_01.ubulk" 1279
"C:/UE5.6/GMTK/GMTK02/Content/ART/MESH/Mesh_WallDetails_01.uasset" 1280
"C:/UE5.6/GMTK/GMTK02/Content/ART/MESH/Mesh_WallDetails_01.uexp" 1281
"C:/UE5.6/GMTK/GMTK02/Content/ART/MESH/Mesh_triangle_02.ubulk" 1282
"C:/UE5.6/GMTK/GMTK02/Content/ART/MESH/Mesh_triangle_02.uasset" 1283
"C:/UE5.6/GMTK/GMTK02/Content/ART/MESH/Mesh_triangle_02.uexp" 1284
"C:/UE5.6/GMTK/GMTK02/Content/ART/MESH/Mesh_triangle_01.ubulk" 1285
"C:/UE5.6/GMTK/GMTK02/Content/ART/MESH/Mesh_triangle_01.uasset" 1286
"C:/UE5.6/GMTK/GMTK02/Content/ART/MESH/Mesh_triangle_01.uexp" 1287
"C:/UE5.6/GMTK/GMTK02/Content/ART/MESH/Mesh_ToyBox_01.ubulk" 1288
"C:/UE5.6/GMTK/GMTK02/Content/ART/MESH/Mesh_ToyBox_01.uasset" 1289
"C:/UE5.6/GMTK/GMTK02/Content/ART/MESH/Mesh_ToyBox_01.uexp" 1290
"C:/UE5.6/GMTK/GMTK02/Content/ART/MESH/Mesh_square_01.ubulk" 1291
"C:/UE5.6/GMTK/GMTK02/Content/ART/MESH/Mesh_square_01.uasset" 1292
"C:/UE5.6/GMTK/GMTK02/Content/ART/MESH/Mesh_square_01.uexp" 1293
"C:/UE5.6/GMTK/GMTK02/Content/ART/MESH/Mesh_Skate_01.ubulk" 1294
"C:/UE5.6/GMTK/GMTK02/Content/ART/MESH/Mesh_Skate_01.uasset" 1295
"C:/UE5.6/GMTK/GMTK02/Content/ART/MESH/Mesh_Skate_01.uexp" 1296
"C:/UE5.6/GMTK/GMTK02/Content/ART/MESH/Mesh_RubiksCube_01.ubulk" 1297
"C:/UE5.6/GMTK/GMTK02/Content/ART/MESH/Mesh_RubiksCube_01.uasset" 1298
"C:/UE5.6/GMTK/GMTK02/Content/ART/MESH/Mesh_RubiksCube_01.uexp" 1299
"C:/UE5.6/GMTK/GMTK02/Content/ART/MESH/Mesh_RedCube_01.ubulk" 1300
"C:/UE5.6/GMTK/GMTK02/Content/ART/MESH/Mesh_RedCube_01.uasset" 1301
"C:/UE5.6/GMTK/GMTK02/Content/ART/MESH/Mesh_RedCube_01.uexp" 1302
"C:/UE5.6/GMTK/GMTK02/Content/ART/MESH/Mesh_NightStand_01.ubulk" 1303
"C:/UE5.6/GMTK/GMTK02/Content/ART/MESH/Mesh_NightStand_01.uasset" 1304
"C:/UE5.6/GMTK/GMTK02/Content/ART/MESH/Mesh_NightStand_01.uexp" 1305
"C:/UE5.6/GMTK/GMTK02/Content/ART/MESH/Mesh_Labyrynthe_01.ubulk" 1306
"C:/UE5.6/GMTK/GMTK02/Content/ART/MESH/Mesh_Labyrynthe_01.uasset" 1307
"C:/UE5.6/GMTK/GMTK02/Content/ART/MESH/Mesh_Labyrynthe_01.uexp" 1308
"C:/UE5.6/GMTK/GMTK02/Content/ART/MESH/MESH_Plane_01.ubulk" 1309
"C:/UE5.6/GMTK/GMTK02/Content/ART/MESH/MESH_Plane_01.uasset" 1310
"C:/UE5.6/GMTK/GMTK02/Content/ART/MESH/MESH_Plane_01.uexp" 1311
"C:/UE5.6/GMTK/GMTK02/Content/ART/MESH/Mesh_Cube_03.ubulk" 1312
"C:/UE5.6/GMTK/GMTK02/Content/ART/MESH/Mesh_Cube_03.uasset" 1313
"C:/UE5.6/GMTK/GMTK02/Content/ART/MESH/Mesh_Cube_03.uexp" 1314
"C:/UE5.6/GMTK/GMTK02/Content/ART/MESH/Mesh_Cube_02.ubulk" 1315
"C:/UE5.6/GMTK/GMTK02/Content/ART/MESH/Mesh_Cube_02.uasset" 1316
"C:/UE5.6/GMTK/GMTK02/Content/ART/MESH/Mesh_Cube_02.uexp" 1317
"C:/UE5.6/GMTK/GMTK02/Content/ART/MESH/Mesh_Cube_01.ubulk" 1318
"C:/UE5.6/GMTK/GMTK02/Content/ART/MESH/Mesh_Cube_01.uasset" 1319
"C:/UE5.6/GMTK/GMTK02/Content/ART/MESH/Mesh_Cube_01.uexp" 1320
"C:/UE5.6/GMTK/GMTK02/Content/ART/MESH/Mesh_Corner_01.ubulk" 1321
"C:/UE5.6/GMTK/GMTK02/Content/ART/MESH/Mesh_Corner_01.uasset" 1322
"C:/UE5.6/GMTK/GMTK02/Content/ART/MESH/Mesh_Corner_01.uexp" 1323
"C:/UE5.6/GMTK/GMTK02/Content/ART/MESH/Mesh_Convenient_01.ubulk" 1324
"C:/UE5.6/GMTK/GMTK02/Content/ART/MESH/Mesh_Convenient_01.uasset" 1325
"C:/UE5.6/GMTK/GMTK02/Content/ART/MESH/Mesh_Convenient_01.uexp" 1326
"C:/UE5.6/GMTK/GMTK02/Content/ART/MESH/Mesh_Bow_01.ubulk" 1327
"C:/UE5.6/GMTK/GMTK02/Content/ART/MESH/Mesh_Bow_01.uasset" 1328
"C:/UE5.6/GMTK/GMTK02/Content/ART/MESH/Mesh_Bow_01.uexp" 1329
"C:/UE5.6/GMTK/GMTK02/Content/ART/MESH/Mesh_Ball_01.ubulk" 1330
"C:/UE5.6/GMTK/GMTK02/Content/ART/MESH/Mesh_Ball_01.uasset" 1331
"C:/UE5.6/GMTK/GMTK02/Content/ART/MESH/Mesh_Ball_01.uexp" 1332
"C:/UE5.6/GMTK/GMTK02/Content/ART/MESH/Mesh_Babybed_01.ubulk" 1333
"C:/UE5.6/GMTK/GMTK02/Content/ART/MESH/Mesh_Babybed_01.uasset" 1334
"C:/UE5.6/GMTK/GMTK02/Content/ART/MESH/Mesh_Babybed_01.uexp" 1335
"C:/UE5.6/GMTK/GMTK02/Content/ART/MESH/Mesh_Arrow_01.ubulk" 1336
"C:/UE5.6/GMTK/GMTK02/Content/ART/MESH/Mesh_Arrow_01.uasset" 1337
"C:/UE5.6/GMTK/GMTK02/Content/ART/MESH/Mesh_Arrow_01.uexp" 1338
"C:/UE5.6/GMTK/GMTK02/Content/ART/MAT/WoodenFloor_01/GMTK_WoodenFloor_01_normal.ubulk" 1339
"C:/UE5.6/GMTK/GMTK02/Content/ART/MAT/WoodenFloor_01/GMTK_WoodenFloor_01_normal.uasset" 1340
"C:/UE5.6/GMTK/GMTK02/Content/ART/MAT/WoodenFloor_01/GMTK_WoodenFloor_01_normal.uexp" 1341
"C:/UE5.6/GMTK/GMTK02/Content/ART/MAT/WoodenFloor_01/GMTK_WoodenFloor_01_basecolor.ubulk" 1342
"C:/UE5.6/GMTK/GMTK02/Content/ART/MAT/WoodenFloor_01/GMTK_WoodenFloor_01_basecolor.uasset" 1343
"C:/UE5.6/GMTK/GMTK02/Content/ART/MAT/WoodenFloor_01/GMTK_WoodenFloor_01_basecolor.uexp" 1344
"C:/UE5.6/GMTK/GMTK02/Content/ART/MAT/WoodenFloor_01/GMTK_WoodenFloor_01_ambientocclusion.ubulk" 1345
"C:/UE5.6/GMTK/GMTK02/Content/ART/MAT/WoodenFloor_01/GMTK_WoodenFloor_01_ambientocclusion.uasset" 1346
"C:/UE5.6/GMTK/GMTK02/Content/ART/MAT/WoodenFloor_01/GMTK_WoodenFloor_01_ambientocclusion.uexp" 1347
"C:/UE5.6/GMTK/GMTK02/Content/ART/MAT/WoodenFloor_01/MAT_WoodenFloor_01.uasset" 1348
"C:/UE5.6/GMTK/GMTK02/Content/ART/MAT/WoodenFloor_01/MAT_WoodenFloor_01.uexp" 1349
"C:/UE5.6/GMTK/GMTK02/Content/ART/MESH/Mesh_Drum_01.ubulk" 1350
"C:/UE5.6/GMTK/GMTK02/Content/ART/MESH/Mesh_Drum_01.uasset" 1351
"C:/UE5.6/GMTK/GMTK02/Content/ART/MESH/Mesh_Drum_01.uexp" 1352
"C:/UE5.6/GMTK/GMTK02/Content/ART/MESH/Mesh_ColoredDonuts_01.ubulk" 1353
"C:/UE5.6/GMTK/GMTK02/Content/ART/MESH/Mesh_ColoredDonuts_01.uasset" 1354
"C:/UE5.6/GMTK/GMTK02/Content/ART/MESH/Mesh_ColoredDonuts_01.uexp" 1355
"C:/UE5.6/GMTK/GMTK02/Content/ART/MAT/PaintedWall_01/GMTK_ColoredWall_01_basecolor.ubulk" 1356
"C:/UE5.6/GMTK/GMTK02/Content/ART/MAT/PaintedWall_01/GMTK_ColoredWall_01_basecolor.uasset" 1357
"C:/UE5.6/GMTK/GMTK02/Content/ART/MAT/PaintedWall_01/GMTK_ColoredWall_01_basecolor.uexp" 1358
"C:/UE5.6/GMTK/GMTK02/Content/ART/MAT/PaintedWall_01/MAT_PaintedWall_01.uasset" 1359
"C:/UE5.6/GMTK/GMTK02/Content/ART/MAT/PaintedWall_01/MAT_PaintedWall_01.uexp" 1360
"C:/UE5.6/GMTK/GMTK02/Content/ART/SOUND/Music_Theme_Loop.ubulk" 1361
"C:/UE5.6/GMTK/GMTK02/Content/ART/SOUND/Music_Theme_Loop.uasset" 1362
"C:/UE5.6/GMTK/GMTK02/Content/ART/SOUND/Music_Theme_Loop.uexp" 1363
"C:/UE5.6/GMTK/GMTK02/Content/ART/SOUND/SC_Loop_Sound.uasset" 1364
"C:/UE5.6/GMTK/GMTK02/Content/ART/SOUND/SC_Loop_Sound.uexp" 1365
"C:/UE5.6/GMTK/GMTK02/Content/ART/MAT/Sand_Export/sand_roughness.ubulk" 1366
"C:/UE5.6/GMTK/GMTK02/Content/ART/MAT/Sand_Export/sand_roughness.uasset" 1367
"C:/UE5.6/GMTK/GMTK02/Content/ART/MAT/Sand_Export/sand_roughness.uexp" 1368
"C:/UE5.6/GMTK/GMTK02/Content/ART/MAT/Sand_Export/sand_normal.ubulk" 1369
"C:/UE5.6/GMTK/GMTK02/Content/ART/MAT/Sand_Export/sand_normal.uasset" 1370
"C:/UE5.6/GMTK/GMTK02/Content/ART/MAT/Sand_Export/sand_normal.uexp" 1371
"C:/UE5.6/GMTK/GMTK02/Content/ART/MAT/Sand_Export/sand_metallic.ubulk" 1372
"C:/UE5.6/GMTK/GMTK02/Content/ART/MAT/Sand_Export/sand_metallic.uasset" 1373
"C:/UE5.6/GMTK/GMTK02/Content/ART/MAT/Sand_Export/sand_metallic.uexp" 1374
"C:/UE5.6/GMTK/GMTK02/Content/ART/MAT/Sand_Export/sand_height.ubulk" 1375
"C:/UE5.6/GMTK/GMTK02/Content/ART/MAT/Sand_Export/sand_height.uasset" 1376
"C:/UE5.6/GMTK/GMTK02/Content/ART/MAT/Sand_Export/sand_height.uexp" 1377
"C:/UE5.6/GMTK/GMTK02/Content/ART/MAT/Sand_Export/sand_basecolor.ubulk" 1378
"C:/UE5.6/GMTK/GMTK02/Content/ART/MAT/Sand_Export/sand_basecolor.uasset" 1379
"C:/UE5.6/GMTK/GMTK02/Content/ART/MAT/Sand_Export/sand_basecolor.uexp" 1380
"C:/UE5.6/GMTK/GMTK02/Content/ART/MAT/Sand_Export/sand_ambientocclusion.ubulk" 1381
"C:/UE5.6/GMTK/GMTK02/Content/ART/MAT/Sand_Export/sand_ambientocclusion.uasset" 1382
"C:/UE5.6/GMTK/GMTK02/Content/ART/MAT/Sand_Export/sand_ambientocclusion.uexp" 1383
"C:/UE5.6/GMTK/GMTK02/Content/ART/MAT/Sand_Export/MAT_Sand_01.uasset" 1384
"C:/UE5.6/GMTK/GMTK02/Content/ART/MAT/Sand_Export/MAT_Sand_01.uexp" 1385
"C:/UE5.6/GMTK/GMTK02/Content/ART/MESH/Mesh_Duplo_v2_Red_01.ubulk" 1386
"C:/UE5.6/GMTK/GMTK02/Content/ART/MESH/Mesh_Duplo_v2_Red_01.uasset" 1387
"C:/UE5.6/GMTK/GMTK02/Content/ART/MESH/Mesh_Duplo_v2_Red_01.uexp" 1388
"C:/UE5.6/GMTK/GMTK02/Content/ART/MESH/Mesh_WhiteBoard_01.ubulk" 1389
"C:/UE5.6/GMTK/GMTK02/Content/ART/MESH/Mesh_WhiteBoard_01.uasset" 1390
"C:/UE5.6/GMTK/GMTK02/Content/ART/MESH/Mesh_WhiteBoard_01.uexp" 1391
"C:/UE5.6/GMTK/GMTK02/Content/ART/MESH/Mesh_StartFinish_01.ubulk" 1392
"C:/UE5.6/GMTK/GMTK02/Content/ART/MESH/Mesh_StartFinish_01.uasset" 1393
"C:/UE5.6/GMTK/GMTK02/Content/ART/MESH/Mesh_StartFinish_01.uexp" 1394
"C:/UE5.6/GMTK/GMTK02/Content/ART/MESH/Mesh_Spade_01.ubulk" 1395
"C:/UE5.6/GMTK/GMTK02/Content/ART/MESH/Mesh_Spade_01.uasset" 1396
"C:/UE5.6/GMTK/GMTK02/Content/ART/MESH/Mesh_Spade_01.uexp" 1397
"C:/UE5.6/GMTK/GMTK02/Content/ART/MESH/Mesh_Slate_01.ubulk" 1398
"C:/UE5.6/GMTK/GMTK02/Content/ART/MESH/Mesh_Slate_01.uasset" 1399
"C:/UE5.6/GMTK/GMTK02/Content/ART/MESH/Mesh_Slate_01.uexp" 1400
"C:/UE5.6/GMTK/GMTK02/Content/ART/MESH/Mesh_Shelf_01.ubulk" 1401
"C:/UE5.6/GMTK/GMTK02/Content/ART/MESH/Mesh_Shelf_01.uasset" 1402
"C:/UE5.6/GMTK/GMTK02/Content/ART/MESH/Mesh_Shelf_01.uexp" 1403
"C:/UE5.6/GMTK/GMTK02/Content/ART/MESH/Mesh_Seal_01.ubulk" 1404
"C:/UE5.6/GMTK/GMTK02/Content/ART/MESH/Mesh_Seal_01.uasset" 1405
"C:/UE5.6/GMTK/GMTK02/Content/ART/MESH/Mesh_Seal_01.uexp" 1406
"C:/UE5.6/GMTK/GMTK02/Content/ART/MESH/Mesh_Sand_01.ubulk" 1407
"C:/UE5.6/GMTK/GMTK02/Content/ART/MESH/Mesh_Sand_01.uasset" 1408
"C:/UE5.6/GMTK/GMTK02/Content/ART/MESH/Mesh_Sand_01.uexp" 1409
"C:/UE5.6/GMTK/GMTK02/Content/ART/MESH/Mesh_Sandbox_01.ubulk" 1410
"C:/UE5.6/GMTK/GMTK02/Content/ART/MESH/Mesh_Sandbox_01.uasset" 1411
"C:/UE5.6/GMTK/GMTK02/Content/ART/MESH/Mesh_Sandbox_01.uexp" 1412
"C:/UE5.6/GMTK/GMTK02/Content/ART/MAT/Mesh_CarRim_01/BronzeTexture/Mesh_CarRim_01_MAT_Carrim_01_Roughness.ubulk" 1413
"C:/UE5.6/GMTK/GMTK02/Content/ART/MAT/Mesh_CarRim_01/BronzeTexture/Mesh_CarRim_01_MAT_Carrim_01_Roughness.uasset" 1414
"C:/UE5.6/GMTK/GMTK02/Content/ART/MAT/Mesh_CarRim_01/BronzeTexture/Mesh_CarRim_01_MAT_Carrim_01_Roughness.uexp" 1415
"C:/UE5.6/GMTK/GMTK02/Content/ART/MAT/Mesh_CarRim_01/BronzeTexture/Mesh_CarRim_01_MAT_Carrim_01_Normal.ubulk" 1416
"C:/UE5.6/GMTK/GMTK02/Content/ART/MAT/Mesh_CarRim_01/BronzeTexture/Mesh_CarRim_01_MAT_Carrim_01_Normal.uasset" 1417
"C:/UE5.6/GMTK/GMTK02/Content/ART/MAT/Mesh_CarRim_01/BronzeTexture/Mesh_CarRim_01_MAT_Carrim_01_Normal.uexp" 1418
"C:/UE5.6/GMTK/GMTK02/Content/ART/MAT/Mesh_CarRim_01/BronzeTexture/Mesh_CarRim_01_MAT_Carrim_01_Metallic.ubulk" 1419
"C:/UE5.6/GMTK/GMTK02/Content/ART/MAT/Mesh_CarRim_01/BronzeTexture/Mesh_CarRim_01_MAT_Carrim_01_Metallic.uasset" 1420
"C:/UE5.6/GMTK/GMTK02/Content/ART/MAT/Mesh_CarRim_01/BronzeTexture/Mesh_CarRim_01_MAT_Carrim_01_Metallic.uexp" 1421
"C:/UE5.6/GMTK/GMTK02/Content/ART/MAT/Mesh_CarRim_01/BronzeTexture/Mesh_CarRim_01_MAT_Carrim_01_Height.ubulk" 1422
"C:/UE5.6/GMTK/GMTK02/Content/ART/MAT/Mesh_CarRim_01/BronzeTexture/Mesh_CarRim_01_MAT_Carrim_01_Height.uasset" 1423
"C:/UE5.6/GMTK/GMTK02/Content/ART/MAT/Mesh_CarRim_01/BronzeTexture/Mesh_CarRim_01_MAT_Carrim_01_Height.uexp" 1424
"C:/UE5.6/GMTK/GMTK02/Content/ART/MAT/Mesh_CarRim_01/BronzeTexture/Mesh_CarRim_01_MAT_Carrim_01_BaseColor.ubulk" 1425
"C:/UE5.6/GMTK/GMTK02/Content/ART/MAT/Mesh_CarRim_01/BronzeTexture/Mesh_CarRim_01_MAT_Carrim_01_BaseColor.uasset" 1426
"C:/UE5.6/GMTK/GMTK02/Content/ART/MAT/Mesh_CarRim_01/BronzeTexture/Mesh_CarRim_01_MAT_Carrim_01_BaseColor.uexp" 1427
"C:/UE5.6/GMTK/GMTK02/Content/ART/MAT/Mesh_CarRim_01/BronzeTexture/MAT_Bronze_01.uasset" 1428
"C:/UE5.6/GMTK/GMTK02/Content/ART/MAT/Mesh_CarRim_01/BronzeTexture/MAT_Bronze_01.uexp" 1429
"C:/UE5.6/GMTK/GMTK02/Content/ART/MAT/Mesh_CarRim_01/Mesh_CarRim_Bronze_01.ubulk" 1430
"C:/UE5.6/GMTK/GMTK02/Content/ART/MAT/Mesh_CarRim_01/Mesh_CarRim_Bronze_01.uasset" 1431
"C:/UE5.6/GMTK/GMTK02/Content/ART/MAT/Mesh_CarRim_01/Mesh_CarRim_Bronze_01.uexp" 1432
"C:/UE5.6/GMTK/GMTK02/Content/VehicleTemplate/Blueprints/Collectibles/WBP_TimerCollectibleTextWidget.uasset" 1433
"C:/UE5.6/GMTK/GMTK02/Content/VehicleTemplate/Blueprints/Collectibles/WBP_TimerCollectibleTextWidget.uexp" 1434
"C:/UE5.6/GMTK/GMTK02/Content/VehicleTemplate/Blueprints/Collectibles/BP_Score_Collectible_5.uasset" 1435
"C:/UE5.6/GMTK/GMTK02/Content/VehicleTemplate/Blueprints/Collectibles/BP_Score_Collectible_5.uexp" 1436
"C:/UE5.6/GMTK/GMTK02/Content/ART/MAT/Mesh_CarRim_01/SilverTexture/Mesh_CarRim_01_MAT_Carrim_01_Roughness.ubulk" 1437
"C:/UE5.6/GMTK/GMTK02/Content/ART/MAT/Mesh_CarRim_01/SilverTexture/Mesh_CarRim_01_MAT_Carrim_01_Roughness.uasset" 1438
"C:/UE5.6/GMTK/GMTK02/Content/ART/MAT/Mesh_CarRim_01/SilverTexture/Mesh_CarRim_01_MAT_Carrim_01_Roughness.uexp" 1439
"C:/UE5.6/GMTK/GMTK02/Content/ART/MAT/Mesh_CarRim_01/SilverTexture/Mesh_CarRim_01_MAT_Carrim_01_Normal.ubulk" 1440
"C:/UE5.6/GMTK/GMTK02/Content/ART/MAT/Mesh_CarRim_01/SilverTexture/Mesh_CarRim_01_MAT_Carrim_01_Normal.uasset" 1441
"C:/UE5.6/GMTK/GMTK02/Content/ART/MAT/Mesh_CarRim_01/SilverTexture/Mesh_CarRim_01_MAT_Carrim_01_Normal.uexp" 1442
"C:/UE5.6/GMTK/GMTK02/Content/ART/MAT/Mesh_CarRim_01/SilverTexture/Mesh_CarRim_01_MAT_Carrim_01_Metallic.ubulk" 1443
"C:/UE5.6/GMTK/GMTK02/Content/ART/MAT/Mesh_CarRim_01/SilverTexture/Mesh_CarRim_01_MAT_Carrim_01_Metallic.uasset" 1444
"C:/UE5.6/GMTK/GMTK02/Content/ART/MAT/Mesh_CarRim_01/SilverTexture/Mesh_CarRim_01_MAT_Carrim_01_Metallic.uexp" 1445
"C:/UE5.6/GMTK/GMTK02/Content/ART/MAT/Mesh_CarRim_01/SilverTexture/Mesh_CarRim_01_MAT_Carrim_01_Height.ubulk" 1446
"C:/UE5.6/GMTK/GMTK02/Content/ART/MAT/Mesh_CarRim_01/SilverTexture/Mesh_CarRim_01_MAT_Carrim_01_Height.uasset" 1447
"C:/UE5.6/GMTK/GMTK02/Content/ART/MAT/Mesh_CarRim_01/SilverTexture/Mesh_CarRim_01_MAT_Carrim_01_Height.uexp" 1448
"C:/UE5.6/GMTK/GMTK02/Content/ART/MAT/Mesh_CarRim_01/SilverTexture/Mesh_CarRim_01_MAT_Carrim_01_BaseColor.ubulk" 1449
"C:/UE5.6/GMTK/GMTK02/Content/ART/MAT/Mesh_CarRim_01/SilverTexture/Mesh_CarRim_01_MAT_Carrim_01_BaseColor.uasset" 1450
"C:/UE5.6/GMTK/GMTK02/Content/ART/MAT/Mesh_CarRim_01/SilverTexture/Mesh_CarRim_01_MAT_Carrim_01_BaseColor.uexp" 1451
"C:/UE5.6/GMTK/GMTK02/Content/ART/MAT/Mesh_CarRim_01/SilverTexture/MAT_Silver_01.uasset" 1452
"C:/UE5.6/GMTK/GMTK02/Content/ART/MAT/Mesh_CarRim_01/SilverTexture/MAT_Silver_01.uexp" 1453
"C:/UE5.6/GMTK/GMTK02/Content/ART/MAT/Mesh_CarRim_01/Mesh_CarRim_Silver_01.ubulk" 1454
"C:/UE5.6/GMTK/GMTK02/Content/ART/MAT/Mesh_CarRim_01/Mesh_CarRim_Silver_01.uasset" 1455
"C:/UE5.6/GMTK/GMTK02/Content/ART/MAT/Mesh_CarRim_01/Mesh_CarRim_Silver_01.uexp" 1456
"C:/UE5.6/GMTK/GMTK02/Content/VehicleTemplate/Blueprints/Collectibles/BP_Score_Collectible_10.uasset" 1457
"C:/UE5.6/GMTK/GMTK02/Content/VehicleTemplate/Blueprints/Collectibles/BP_Score_Collectible_10.uexp" 1458
"C:/UE5.6/GMTK/GMTK02/Content/ART/MAT/Mesh_CarRim_01/GoldTexture/Mesh_CarRim_01_MAT_Carrim_01_Roughness.ubulk" 1459
"C:/UE5.6/GMTK/GMTK02/Content/ART/MAT/Mesh_CarRim_01/GoldTexture/Mesh_CarRim_01_MAT_Carrim_01_Roughness.uasset" 1460
"C:/UE5.6/GMTK/GMTK02/Content/ART/MAT/Mesh_CarRim_01/GoldTexture/Mesh_CarRim_01_MAT_Carrim_01_Roughness.uexp" 1461
"C:/UE5.6/GMTK/GMTK02/Content/ART/MAT/Mesh_CarRim_01/GoldTexture/Mesh_CarRim_01_MAT_Carrim_01_Normal.ubulk" 1462
"C:/UE5.6/GMTK/GMTK02/Content/ART/MAT/Mesh_CarRim_01/GoldTexture/Mesh_CarRim_01_MAT_Carrim_01_Normal.uasset" 1463
"C:/UE5.6/GMTK/GMTK02/Content/ART/MAT/Mesh_CarRim_01/GoldTexture/Mesh_CarRim_01_MAT_Carrim_01_Normal.uexp" 1464
"C:/UE5.6/GMTK/GMTK02/Content/ART/MAT/Mesh_CarRim_01/GoldTexture/Mesh_CarRim_01_MAT_Carrim_01_Metallic.ubulk" 1465
"C:/UE5.6/GMTK/GMTK02/Content/ART/MAT/Mesh_CarRim_01/GoldTexture/Mesh_CarRim_01_MAT_Carrim_01_Metallic.uasset" 1466
"C:/UE5.6/GMTK/GMTK02/Content/ART/MAT/Mesh_CarRim_01/GoldTexture/Mesh_CarRim_01_MAT_Carrim_01_Metallic.uexp" 1467
"C:/UE5.6/GMTK/GMTK02/Content/ART/MAT/Mesh_CarRim_01/GoldTexture/Mesh_CarRim_01_MAT_Carrim_01_Height.ubulk" 1468
"C:/UE5.6/GMTK/GMTK02/Content/ART/MAT/Mesh_CarRim_01/GoldTexture/Mesh_CarRim_01_MAT_Carrim_01_Height.uasset" 1469
"C:/UE5.6/GMTK/GMTK02/Content/ART/MAT/Mesh_CarRim_01/GoldTexture/Mesh_CarRim_01_MAT_Carrim_01_Height.uexp" 1470
"C:/UE5.6/GMTK/GMTK02/Content/ART/MAT/Mesh_CarRim_01/GoldTexture/Mesh_CarRim_01_MAT_Carrim_01_BaseColor.ubulk" 1471
"C:/UE5.6/GMTK/GMTK02/Content/ART/MAT/Mesh_CarRim_01/GoldTexture/Mesh_CarRim_01_MAT_Carrim_01_BaseColor.uasset" 1472
"C:/UE5.6/GMTK/GMTK02/Content/ART/MAT/Mesh_CarRim_01/GoldTexture/Mesh_CarRim_01_MAT_Carrim_01_BaseColor.uexp" 1473
"C:/UE5.6/GMTK/GMTK02/Content/ART/MAT/Mesh_CarRim_01/GoldTexture/MAT_Gold_01.uasset" 1474
"C:/UE5.6/GMTK/GMTK02/Content/ART/MAT/Mesh_CarRim_01/GoldTexture/MAT_Gold_01.uexp" 1475
"C:/UE5.6/GMTK/GMTK02/Content/ART/MAT/Mesh_CarRim_01/Mesh_CarRim_Gold_01.ubulk" 1476
"C:/UE5.6/GMTK/GMTK02/Content/ART/MAT/Mesh_CarRim_01/Mesh_CarRim_Gold_01.uasset" 1477
"C:/UE5.6/GMTK/GMTK02/Content/ART/MAT/Mesh_CarRim_01/Mesh_CarRim_Gold_01.uexp" 1478
"C:/UE5.6/GMTK/GMTK02/Content/VehicleTemplate/Blueprints/Collectibles/BP_Score_Collectible_20.uasset" 1479
"C:/UE5.6/GMTK/GMTK02/Content/VehicleTemplate/Blueprints/Collectibles/BP_Score_Collectible_20.uexp" 1480
"C:/UE5.6/GMTK/GMTK02/Content/ART/MESH/Mesh_Plinth_01.ubulk" 1481
"C:/UE5.6/GMTK/GMTK02/Content/ART/MESH/Mesh_Plinth_01.uasset" 1482
"C:/UE5.6/GMTK/GMTK02/Content/ART/MESH/Mesh_Plinth_01.uexp" 1483
"C:/UE5.6/GMTK/GMTK02/Content/VehicleTemplate/Blueprints/PM_Grass.uasset" 1484
"C:/UE5.6/GMTK/GMTK02/Content/VehicleTemplate/Blueprints/PM_Grass.uexp" 1485
"C:/UE5.6/GMTK/GMTK02/Content/ART/MESH/Mesh_PitStop_01.ubulk" 1486
"C:/UE5.6/GMTK/GMTK02/Content/ART/MESH/Mesh_PitStop_01.uasset" 1487
"C:/UE5.6/GMTK/GMTK02/Content/ART/MESH/Mesh_PitStop_01.uexp" 1488
"C:/UE5.6/GMTK/GMTK02/Content/ART/MESH/Mesh_Pen_Yellow_01.ubulk" 1489
"C:/UE5.6/GMTK/GMTK02/Content/ART/MESH/Mesh_Pen_Yellow_01.uasset" 1490
"C:/UE5.6/GMTK/GMTK02/Content/ART/MESH/Mesh_Pen_Yellow_01.uexp" 1491
"C:/UE5.6/GMTK/GMTK02/Content/ART/MESH/Mesh_Pen_Red_01.ubulk" 1492
"C:/UE5.6/GMTK/GMTK02/Content/ART/MESH/Mesh_Pen_Red_01.uasset" 1493
"C:/UE5.6/GMTK/GMTK02/Content/ART/MESH/Mesh_Pen_Red_01.uexp" 1494
"C:/UE5.6/GMTK/GMTK02/Content/ART/MESH/Mesh_Pen_Green_01.ubulk" 1495
"C:/UE5.6/GMTK/GMTK02/Content/ART/MESH/Mesh_Pen_Green_01.uasset" 1496
"C:/UE5.6/GMTK/GMTK02/Content/ART/MESH/Mesh_Pen_Green_01.uexp" 1497
"C:/UE5.6/GMTK/GMTK02/Content/ART/MESH/Mesh_Pen_Blue_01.ubulk" 1498
"C:/UE5.6/GMTK/GMTK02/Content/ART/MESH/Mesh_Pen_Blue_01.uasset" 1499
"C:/UE5.6/GMTK/GMTK02/Content/ART/MESH/Mesh_Pen_Blue_01.uexp" 1500
"C:/UE5.6/GMTK/GMTK02/Content/ART/MESH/Mesh_Paper_Yellow_01.ubulk" 1501
"C:/UE5.6/GMTK/GMTK02/Content/ART/MESH/Mesh_Paper_Yellow_01.uasset" 1502
"C:/UE5.6/GMTK/GMTK02/Content/ART/MESH/Mesh_Paper_Yellow_01.uexp" 1503
"C:/UE5.6/GMTK/GMTK02/Content/ART/MESH/Mesh_Paper_Red_01.ubulk" 1504
"C:/UE5.6/GMTK/GMTK02/Content/ART/MESH/Mesh_Paper_Red_01.uasset" 1505
"C:/UE5.6/GMTK/GMTK02/Content/ART/MESH/Mesh_Paper_Red_01.uexp" 1506
"C:/UE5.6/GMTK/GMTK02/Content/ART/MESH/Mesh_Paper_Green_01.ubulk" 1507
"C:/UE5.6/GMTK/GMTK02/Content/ART/MESH/Mesh_Paper_Green_01.uasset" 1508
"C:/UE5.6/GMTK/GMTK02/Content/ART/MESH/Mesh_Paper_Green_01.uexp" 1509
"C:/UE5.6/GMTK/GMTK02/Content/ART/MESH/Mesh_Paper_Blue_04.ubulk" 1510
"C:/UE5.6/GMTK/GMTK02/Content/ART/MESH/Mesh_Paper_Blue_04.uasset" 1511
"C:/UE5.6/GMTK/GMTK02/Content/ART/MESH/Mesh_Paper_Blue_04.uexp" 1512
"C:/UE5.6/GMTK/GMTK02/Content/ART/MESH/Mesh_KaplaTriangle_01.ubulk" 1513
"C:/UE5.6/GMTK/GMTK02/Content/ART/MESH/Mesh_KaplaTriangle_01.uasset" 1514
"C:/UE5.6/GMTK/GMTK02/Content/ART/MESH/Mesh_KaplaTriangle_01.uexp" 1515
"C:/UE5.6/GMTK/GMTK02/Content/ART/MESH/Mesh_KaplaSquare_01.ubulk" 1516
"C:/UE5.6/GMTK/GMTK02/Content/ART/MESH/Mesh_KaplaSquare_01.uasset" 1517
"C:/UE5.6/GMTK/GMTK02/Content/ART/MESH/Mesh_KaplaSquare_01.uexp" 1518
"C:/UE5.6/GMTK/GMTK02/Content/ART/MESH/Mesh_KaplaCylinder_01.ubulk" 1519
"C:/UE5.6/GMTK/GMTK02/Content/ART/MESH/Mesh_KaplaCylinder_01.uasset" 1520
"C:/UE5.6/GMTK/GMTK02/Content/ART/MESH/Mesh_KaplaCylinder_01.uexp" 1521
"C:/UE5.6/GMTK/GMTK02/Content/ART/MESH/Mesh_KaplaCylinderCut_01.ubulk" 1522
"C:/UE5.6/GMTK/GMTK02/Content/ART/MESH/Mesh_KaplaCylinderCut_01.uasset" 1523
"C:/UE5.6/GMTK/GMTK02/Content/ART/MESH/Mesh_KaplaCylinderCut_01.uexp" 1524
"C:/UE5.6/GMTK/GMTK02/Content/ART/MESH/Mesh_KaplaCube_01.ubulk" 1525
"C:/UE5.6/GMTK/GMTK02/Content/ART/MESH/Mesh_KaplaCube_01.uasset" 1526
"C:/UE5.6/GMTK/GMTK02/Content/ART/MESH/Mesh_KaplaCube_01.uexp" 1527
"C:/UE5.6/GMTK/GMTK02/Content/ART/MESH/Mesh_KaplaClassic_01.ubulk" 1528
"C:/UE5.6/GMTK/GMTK02/Content/ART/MESH/Mesh_KaplaClassic_01.uasset" 1529
"C:/UE5.6/GMTK/GMTK02/Content/ART/MESH/Mesh_KaplaClassic_01.uexp" 1530
"C:/UE5.6/GMTK/GMTK02/Content/ART/MESH/Mesh_KaplaBridge_01.ubulk" 1531
"C:/UE5.6/GMTK/GMTK02/Content/ART/MESH/Mesh_KaplaBridge_01.uasset" 1532
"C:/UE5.6/GMTK/GMTK02/Content/ART/MESH/Mesh_KaplaBridge_01.uexp" 1533
"C:/UE5.6/GMTK/GMTK02/Content/ART/MESH/Mesh_Duplo_v3_Yellow_01.ubulk" 1534
"C:/UE5.6/GMTK/GMTK02/Content/ART/MESH/Mesh_Duplo_v3_Yellow_01.uasset" 1535
"C:/UE5.6/GMTK/GMTK02/Content/ART/MESH/Mesh_Duplo_v3_Yellow_01.uexp" 1536
"C:/UE5.6/GMTK/GMTK02/Content/ART/MESH/Mesh_Duplo_v3_Red_01.ubulk" 1537
"C:/UE5.6/GMTK/GMTK02/Content/ART/MESH/Mesh_Duplo_v3_Red_01.uasset" 1538
"C:/UE5.6/GMTK/GMTK02/Content/ART/MESH/Mesh_Duplo_v3_Red_01.uexp" 1539
"C:/UE5.6/GMTK/GMTK02/Content/ART/MESH/Mesh_Duplo_v3_Green_01.ubulk" 1540
"C:/UE5.6/GMTK/GMTK02/Content/ART/MESH/Mesh_Duplo_v3_Green_01.uasset" 1541
"C:/UE5.6/GMTK/GMTK02/Content/ART/MESH/Mesh_Duplo_v3_Green_01.uexp" 1542
"C:/UE5.6/GMTK/GMTK02/Content/ART/MESH/Mesh_Duplo_v3_Blue_01.ubulk" 1543
"C:/UE5.6/GMTK/GMTK02/Content/ART/MESH/Mesh_Duplo_v3_Blue_01.uasset" 1544
"C:/UE5.6/GMTK/GMTK02/Content/ART/MESH/Mesh_Duplo_v3_Blue_01.uexp" 1545
"C:/UE5.6/GMTK/GMTK02/Content/ART/MESH/Mesh_Duplo_v2_Yellow_01.ubulk" 1546
"C:/UE5.6/GMTK/GMTK02/Content/ART/MESH/Mesh_Duplo_v2_Yellow_01.uasset" 1547
"C:/UE5.6/GMTK/GMTK02/Content/ART/MESH/Mesh_Duplo_v2_Yellow_01.uexp" 1548
"C:/UE5.6/GMTK/GMTK02/Content/ART/MESH/Mesh_Duplo_v2_Green_01.ubulk" 1549
"C:/UE5.6/GMTK/GMTK02/Content/ART/MESH/Mesh_Duplo_v2_Green_01.uasset" 1550
"C:/UE5.6/GMTK/GMTK02/Content/ART/MESH/Mesh_Duplo_v2_Green_01.uexp" 1551
"C:/UE5.6/GMTK/GMTK02/Content/ART/MESH/Mesh_Duplo_v2_Blue_01.ubulk" 1552
"C:/UE5.6/GMTK/GMTK02/Content/ART/MESH/Mesh_Duplo_v2_Blue_01.uasset" 1553
"C:/UE5.6/GMTK/GMTK02/Content/ART/MESH/Mesh_Duplo_v2_Blue_01.uexp" 1554
"C:/UE5.6/GMTK/GMTK02/Content/ART/MESH/Mesh_Duplo_v1_Yellow_01.ubulk" 1555
"C:/UE5.6/GMTK/GMTK02/Content/ART/MESH/Mesh_Duplo_v1_Yellow_01.uasset" 1556
"C:/UE5.6/GMTK/GMTK02/Content/ART/MESH/Mesh_Duplo_v1_Yellow_01.uexp" 1557
"C:/UE5.6/GMTK/GMTK02/Content/ART/MESH/Mesh_Duplo_v1_Red_01.ubulk" 1558
"C:/UE5.6/GMTK/GMTK02/Content/ART/MESH/Mesh_Duplo_v1_Red_01.uasset" 1559
"C:/UE5.6/GMTK/GMTK02/Content/ART/MESH/Mesh_Duplo_v1_Red_01.uexp" 1560
"C:/UE5.6/GMTK/GMTK02/Content/ART/MESH/Mesh_Duplo_v1_Green_01.ubulk" 1561
"C:/UE5.6/GMTK/GMTK02/Content/ART/MESH/Mesh_Duplo_v1_Green_01.uasset" 1562
"C:/UE5.6/GMTK/GMTK02/Content/ART/MESH/Mesh_Duplo_v1_Green_01.uexp" 1563
"C:/UE5.6/GMTK/GMTK02/Content/ART/MESH/Mesh_Duplo_v1_Blue_01.ubulk" 1564
"C:/UE5.6/GMTK/GMTK02/Content/ART/MESH/Mesh_Duplo_v1_Blue_01.uasset" 1565
"C:/UE5.6/GMTK/GMTK02/Content/ART/MESH/Mesh_Duplo_v1_Blue_01.uexp" 1566
"C:/UE5.6/GMTK/GMTK02/Content/ART/MESH/Mesh_Door_01.ubulk" 1567
"C:/UE5.6/GMTK/GMTK02/Content/ART/MESH/Mesh_Door_01.uasset" 1568
"C:/UE5.6/GMTK/GMTK02/Content/ART/MESH/Mesh_Door_01.uexp" 1569
"C:/UE5.6/GMTK/GMTK02/Content/ART/MESH/Mesh_desk_01.ubulk" 1570
"C:/UE5.6/GMTK/GMTK02/Content/ART/MESH/Mesh_desk_01.uasset" 1571
"C:/UE5.6/GMTK/GMTK02/Content/ART/MESH/Mesh_desk_01.uexp" 1572
"C:/UE5.6/GMTK/GMTK02/Content/ART/MESH/Mesh_DeskLamp_01.ubulk" 1573
"C:/UE5.6/GMTK/GMTK02/Content/ART/MESH/Mesh_DeskLamp_01.uasset" 1574
"C:/UE5.6/GMTK/GMTK02/Content/ART/MESH/Mesh_DeskLamp_01.uexp" 1575
"C:/UE5.6/GMTK/GMTK02/Content/ART/MESH/Mesh_ChessBoard_01.ubulk" 1576
"C:/UE5.6/GMTK/GMTK02/Content/ART/MESH/Mesh_ChessBoard_01.uasset" 1577
"C:/UE5.6/GMTK/GMTK02/Content/ART/MESH/Mesh_ChessBoard_01.uexp" 1578
"C:/UE5.6/GMTK/GMTK02/Content/ART/MESH/Mesh_Chair_01.ubulk" 1579
"C:/UE5.6/GMTK/GMTK02/Content/ART/MESH/Mesh_Chair_01.uasset" 1580
"C:/UE5.6/GMTK/GMTK02/Content/ART/MESH/Mesh_Chair_01.uexp" 1581
"C:/UE5.6/GMTK/GMTK02/Content/ART/MAT/Carpet_01/Mesh_Carpet_01_MAT_Carpet_01_Normal.ubulk" 1582
"C:/UE5.6/GMTK/GMTK02/Content/ART/MAT/Carpet_01/Mesh_Carpet_01_MAT_Carpet_01_Normal.uasset" 1583
"C:/UE5.6/GMTK/GMTK02/Content/ART/MAT/Carpet_01/Mesh_Carpet_01_MAT_Carpet_01_Normal.uexp" 1584
"C:/UE5.6/GMTK/GMTK02/Content/ART/MAT/Carpet_01/Mesh_Carpet_01_MAT_Carpet_01_MetallicSmoothness.ubulk" 1585
"C:/UE5.6/GMTK/GMTK02/Content/ART/MAT/Carpet_01/Mesh_Carpet_01_MAT_Carpet_01_MetallicSmoothness.uasset" 1586
"C:/UE5.6/GMTK/GMTK02/Content/ART/MAT/Carpet_01/Mesh_Carpet_01_MAT_Carpet_01_MetallicSmoothness.uexp" 1587
"C:/UE5.6/GMTK/GMTK02/Content/ART/MAT/Carpet_01/Mesh_Carpet_01_MAT_Carpet_01_AlbedoTransparency.ubulk" 1588
"C:/UE5.6/GMTK/GMTK02/Content/ART/MAT/Carpet_01/Mesh_Carpet_01_MAT_Carpet_01_AlbedoTransparency.uasset" 1589
"C:/UE5.6/GMTK/GMTK02/Content/ART/MAT/Carpet_01/Mesh_Carpet_01_MAT_Carpet_01_AlbedoTransparency.uexp" 1590
"C:/UE5.6/GMTK/GMTK02/Content/ART/MAT/Carpet_01/Grayscale.ubulk" 1591
"C:/UE5.6/GMTK/GMTK02/Content/ART/MAT/Carpet_01/Grayscale.uasset" 1592
"C:/UE5.6/GMTK/GMTK02/Content/ART/MAT/Carpet_01/Grayscale.uexp" 1593
"C:/UE5.6/GMTK/GMTK02/Content/ART/MAT/Carpet_01/MAT_Carpet_01.uasset" 1594
"C:/UE5.6/GMTK/GMTK02/Content/ART/MAT/Carpet_01/MAT_Carpet_01.uexp" 1595
"C:/UE5.6/GMTK/GMTK02/Content/ART/MESH/Mesh_Carpet_01.ubulk" 1596
"C:/UE5.6/GMTK/GMTK02/Content/ART/MESH/Mesh_Carpet_01.uasset" 1597
"C:/UE5.6/GMTK/GMTK02/Content/ART/MESH/Mesh_Carpet_01.uexp" 1598
"C:/UE5.6/GMTK/GMTK02/Content/ART/MESH/Mesh_Bridge_02.ubulk" 1599
"C:/UE5.6/GMTK/GMTK02/Content/ART/MESH/Mesh_Bridge_02.uasset" 1600
"C:/UE5.6/GMTK/GMTK02/Content/ART/MESH/Mesh_Bridge_02.uexp" 1601
"C:/UE5.6/GMTK/GMTK02/Content/ART/MESH/Mesh_Bridge_01.ubulk" 1602
"C:/UE5.6/GMTK/GMTK02/Content/ART/MESH/Mesh_Bridge_01.uasset" 1603
"C:/UE5.6/GMTK/GMTK02/Content/ART/MESH/Mesh_Bridge_01.uexp" 1604
"C:/UE5.6/GMTK/GMTK02/Content/ART/MESH/Mesh_Bed_01.ubulk" 1605
"C:/UE5.6/GMTK/GMTK02/Content/ART/MESH/Mesh_Bed_01.uasset" 1606
"C:/UE5.6/GMTK/GMTK02/Content/ART/MESH/Mesh_Bed_01.uexp" 1607
"C:/UE5.6/GMTK/GMTK02/Content/ART/MESH/Achille_Mesh/Mesh_WoodToyTri002.ubulk" 1608
"C:/UE5.6/GMTK/GMTK02/Content/ART/MESH/Achille_Mesh/Mesh_WoodToyTri002.uasset" 1609
"C:/UE5.6/GMTK/GMTK02/Content/ART/MESH/Achille_Mesh/Mesh_WoodToyTri002.uexp" 1610
"C:/UE5.6/GMTK/GMTK02/Content/ART/MESH/Achille_Mesh/Mesh_WoodToyRec001.ubulk" 1611
"C:/UE5.6/GMTK/GMTK02/Content/ART/MESH/Achille_Mesh/Mesh_WoodToyRec001.uasset" 1612
"C:/UE5.6/GMTK/GMTK02/Content/ART/MESH/Achille_Mesh/Mesh_WoodToyRec001.uexp" 1613
"C:/UE5.6/GMTK/GMTK02/Content/ART/MESH/Achille_Mesh/Mesh_WoodToyPont001.ubulk" 1614
"C:/UE5.6/GMTK/GMTK02/Content/ART/MESH/Achille_Mesh/Mesh_WoodToyPont001.uasset" 1615
"C:/UE5.6/GMTK/GMTK02/Content/ART/MESH/Achille_Mesh/Mesh_WoodToyPont001.uexp" 1616
"C:/UE5.6/GMTK/GMTK02/Content/ART/MESH/Achille_Mesh/Mesh_WoodToyCyl001.ubulk" 1617
"C:/UE5.6/GMTK/GMTK02/Content/ART/MESH/Achille_Mesh/Mesh_WoodToyCyl001.uasset" 1618
"C:/UE5.6/GMTK/GMTK02/Content/ART/MESH/Achille_Mesh/Mesh_WoodToyCyl001.uexp" 1619
"C:/UE5.6/GMTK/GMTK02/Content/ART/MESH/Achille_Mesh/Mesh_WoodToyCar001.ubulk" 1620
"C:/UE5.6/GMTK/GMTK02/Content/ART/MESH/Achille_Mesh/Mesh_WoodToyCar001.uasset" 1621
"C:/UE5.6/GMTK/GMTK02/Content/ART/MESH/Achille_Mesh/Mesh_WoodToyCar001.uexp" 1622
"C:/UE5.6/GMTK/GMTK02/Content/ART/MESH/Achille_Mesh/Mesh_Book_10.ubulk" 1623
"C:/UE5.6/GMTK/GMTK02/Content/ART/MESH/Achille_Mesh/Mesh_Book_10.uasset" 1624
"C:/UE5.6/GMTK/GMTK02/Content/ART/MESH/Achille_Mesh/Mesh_Book_10.uexp" 1625
"C:/UE5.6/GMTK/GMTK02/Content/ART/MESH/Achille_Mesh/Mesh_Book_09.ubulk" 1626
"C:/UE5.6/GMTK/GMTK02/Content/ART/MESH/Achille_Mesh/Mesh_Book_09.uasset" 1627
"C:/UE5.6/GMTK/GMTK02/Content/ART/MESH/Achille_Mesh/Mesh_Book_09.uexp" 1628
"C:/UE5.6/GMTK/GMTK02/Content/ART/MESH/Achille_Mesh/Mesh_Book_08.ubulk" 1629
"C:/UE5.6/GMTK/GMTK02/Content/ART/MESH/Achille_Mesh/Mesh_Book_08.uasset" 1630
"C:/UE5.6/GMTK/GMTK02/Content/ART/MESH/Achille_Mesh/Mesh_Book_08.uexp" 1631
"C:/UE5.6/GMTK/GMTK02/Content/ART/MESH/Achille_Mesh/Mesh_Book_07.ubulk" 1632
"C:/UE5.6/GMTK/GMTK02/Content/ART/MESH/Achille_Mesh/Mesh_Book_07.uasset" 1633
"C:/UE5.6/GMTK/GMTK02/Content/ART/MESH/Achille_Mesh/Mesh_Book_07.uexp" 1634
"C:/UE5.6/GMTK/GMTK02/Content/ART/MESH/Achille_Mesh/Mesh_Book_06.ubulk" 1635
"C:/UE5.6/GMTK/GMTK02/Content/ART/MESH/Achille_Mesh/Mesh_Book_06.uasset" 1636
"C:/UE5.6/GMTK/GMTK02/Content/ART/MESH/Achille_Mesh/Mesh_Book_06.uexp" 1637
"C:/UE5.6/GMTK/GMTK02/Content/ART/MESH/Achille_Mesh/Mesh_Book_05.ubulk" 1638
"C:/UE5.6/GMTK/GMTK02/Content/ART/MESH/Achille_Mesh/Mesh_Book_05.uasset" 1639
"C:/UE5.6/GMTK/GMTK02/Content/ART/MESH/Achille_Mesh/Mesh_Book_05.uexp" 1640
"C:/UE5.6/GMTK/GMTK02/Content/ART/MESH/Achille_Mesh/Mesh_Book_04.ubulk" 1641
"C:/UE5.6/GMTK/GMTK02/Content/ART/MESH/Achille_Mesh/Mesh_Book_04.uasset" 1642
"C:/UE5.6/GMTK/GMTK02/Content/ART/MESH/Achille_Mesh/Mesh_Book_04.uexp" 1643
"C:/UE5.6/GMTK/GMTK02/Content/ART/MESH/Achille_Mesh/Mesh_Book_03.ubulk" 1644
"C:/UE5.6/GMTK/GMTK02/Content/ART/MESH/Achille_Mesh/Mesh_Book_03.uasset" 1645
"C:/UE5.6/GMTK/GMTK02/Content/ART/MESH/Achille_Mesh/Mesh_Book_03.uexp" 1646
"C:/UE5.6/GMTK/GMTK02/Content/ART/MESH/Achille_Mesh/Mesh_Book_02.ubulk" 1647
"C:/UE5.6/GMTK/GMTK02/Content/ART/MESH/Achille_Mesh/Mesh_Book_02.uasset" 1648
"C:/UE5.6/GMTK/GMTK02/Content/ART/MESH/Achille_Mesh/Mesh_Book_02.uexp" 1649
"C:/UE5.6/GMTK/GMTK02/Content/ART/LEVEL/Level_Room_01.uexp" 1650
"C:/UE5.6/GMTK/GMTK02/Content/ART/LEVEL/Level_Room_01.umap" 1651
